No.,Alloys,¦¤Hsss£¬MPa,E,K,G,¦Í,Rm,Ri,Rc,Vm,Hs,Hc,VEC,e/a,Ew,Xp,Xa,Xm,Xr,Ec,¦ÄE,¦ÄK,¦ÄG,¦Ä¦Í,¦ÄRm,¦ÄRi,¦ÄRc,¦ÄVm,¦ÄHs,¦ÄHc,¦ÄVEC,¦Äe/a,¦ÄEw,¦ÄXp,¦ÄXa,¦ÄXm,¦ÄXr,¦ÄEc,¦¤E,¦¤K,¦¤G,¦¤¦Í,¦¤Rm,¦¤Ri,¦¤Rc,¦¤Vm,¦¤Hs,¦¤Hc,¦¤VEC,¦¤e/a,¦¤ew,¦¤Xp,¦¤Xa,¦¤Xm,¦¤Xr,¦¤Ec
1,CrCuFeNi,734,205,158.775,80.175,0.2875,128.95,69,116.5,7.005,3.8375,5.5275,8.75,1.5,4.7,1.8,1.795,1.6275,1.675,4.0775,0.257684,0.088295,0.296573,0.16749,0.032981,0.226616,0.009597,0.035048,0.084628,0.049419,0.219461,0.333333,0.056793,0.068041,0.049281,0.207885,0.047854,0.088262,0.033314,4.35E-03,4.80E-02,1.81E-02,7.27E-04,3.57E-02,3.68E-05,8.41E-04,3.90E-03,1.22E-03,2.29E-02,0.00E+00,2.26E-03,2.31E-03,1.63E-03,2.81E-02,1.07E-03,5.18E-03
2,Co5(CrCuFeNi)95,745,205.2,159.9113,80.26625,0.288625,128.7625,68.65,116.475,6.98825,3.840625,5.530125,8.7625,1.525,4.715,1.805,1.79725,1.632125,1.67625,4.093125,0.25095,0.090888,0.288778,0.163498,0.032813,0.223113,0.009403,0.035801,0.082494,0.048189,0.21369,0.327459,0.056895,0.067228,0.048282,0.202424,0.046721,0.087299,0.031879,0.004541,0.045225,0.017619,0.000737,0.037227,3.99E-05,0.000721,0.003864,0.001239,0.023569,0.023297,0.001976,0.003062,0.001594,0.027051,0.001132,5.16E-03
3,Co10(CrCuFeNi)90,765,205.4,161.0475,80.3575,0.28975,128.575,68.3,116.45,6.9715,3.84375,5.53275,8.775,1.55,4.73,1.81,1.7995,1.63675,1.6775,4.10875,0.244054,0.0928,0.280798,0.159373,0.032577,0.219356,0.009199,0.036387,0.080303,0.046925,0.207782,0.320964,0.056818,0.066298,0.047235,0.196834,0.045551,0.086171,0.030289,0.004679,0.04253,0.017045,0.000742,0.036158,3.84E-05,0.000609,0.003691,0.001185,0.022436,0.019901,0.00171,0.003022,0.001553,0.025941,1.09E-03,0.005102
4,Co15(CrCuFeNi)85,825,205.6,162.1838,80.44875,0.290875,128.3875,67.95,116.425,6.95475,3.846875,5.535375,8.7875,1.575,4.745,1.815,1.80175,1.641375,1.67875,4.124375,0.236981,0.094097,0.272617,0.155106,0.032272,0.215323,0.008985,0.036811,0.078049,0.045623,0.201726,0.313869,0.056564,0.065249,0.046135,0.191102,0.044341,0.084876,0.02869,0.004765,0.03987,0.016426,0.000743,0.035061,3.69E-05,0.000504,0.003517,0.00113,0.021295,0.0174,0.001463,0.002967,0.001507,0.024792,0.001039,0.00502
5,Co2CrCuFeNi,923,206.3333,166.35,80.78333,0.295,127.7,66.66667,116.3333,6.893333,3.858333,5.545,8.833333,1.666667,4.8,1.833333,1.81,1.658333,1.683333,4.181667,0.209238,0.094244,0.240563,0.138043,0.030514,0.1978,0.008104,0.03702,0.069148,0.04047,0.178,0.282843,0.054127,0.060302,0.04159,0.168644,0.039505,0.078606,0.022755,0.004666,0.030426,0.013789,0.000704,0.03145,3.28E-05,0.000262,0.002854,0.00092,0.017029,0.02,0.000723,0.002645,0.001297,0.020262,0.000862,0.004496
6,CoCuFeNi,846,187.5,164.15,71.85,0.3125,126.25,69,116,6.865,3.975,5.64,9.5,1.75,4.825,1.875,1.8425,1.5575,1.71,4.15,0.178428,0.104876,0.19107,0.057131,0.010882,0.226616,0.006096,0.034494,0.04219,0.026977,0.117688,0.247436,0.054095,0.023094,0.01553,0.178185,0.026478,0.092873,0.0224,0.006282,0.025796,0.00192,2.54E-05,0.035707,0,0.000199,0.000712,0.000318,0.00554,0.040816,0.000805,0.000356,0.000133,0.022194,0.00041,0.006078
7,CrFeMnNi,810,222,154.325,87.95,0.26375,129.6,60,116.5,7.065,3.6875,5.375,7.75,1.75,4.5625,1.7,1.77,1.8675,1.6375,3.935,0.149906,0.136326,0.180721,0.147682,0.032609,0.020412,0.009597,0.040944,0.068722,0.041215,0.190841,0.247436,0.082511,0.093008,0.0471,0.083762,0.043263,0.152027,0.015867,0.01203,0.022615,0.009119,0.0006,0.000208,3.68E-05,0.001127,0.002344,0.000945,0.020812,0.040816,0.004098,0.002595,0.001117,0.001968,0.001179,0.016194
8,Cr5(CoCuFeNi)95,817,192.075,163.9425,74.0225,0.307375,126.7375,68.65,116.1,6.88325,3.94375,5.6145,9.325,1.7125,4.80875,1.86125,1.832875,1.579625,1.7025,4.1475,0.198998,0.102499,0.221455,0.092126,0.019818,0.223113,0.007024,0.035467,0.053953,0.033009,0.142646,0.26429,0.054916,0.039384,0.027486,0.181799,0.032259,0.090614,0.024402,0.00601,0.028287,0.005001,0.000261,0.037227,2.11E-05,0.000304,0.001104,0.000374,0.007374,0.034418,0.00099,0.000882,0.000494,0.022982,0.00035,0.005962
9,Cr10(CoCuFeNi)90,846,196.65,163.735,76.195,0.30225,127.225,68.3,116.2,6.9015,3.9125,5.589,9.15,1.675,4.7925,1.8475,1.82325,1.60175,1.695,4.145,0.213385,0.100036,0.241832,0.116149,0.02517,0.219356,0.007745,0.036212,0.062851,0.037635,0.163113,0.279627,0.055528,0.049884,0.034999,0.184083,0.036702,0.088287,0.025781,0.005593,0.029939,0.009167,0.000475,0.036158,2.33E-05,0.000291,0.002065,0.000674,0.011791,0.028069,0.001053,0.001646,0.000884,0.023465,0.000632,0.005607
10,Cr15(CoCuFeNi)85,856,201.225,163.5275,78.3675,0.297125,127.7125,67.95,116.3,6.91975,3.88125,5.5635,8.975,1.6375,4.77625,1.83375,1.813625,1.623875,1.6875,4.1425,0.223289,0.097482,0.255496,0.135064,0.029008,0.215323,0.008314,0.036745,0.069951,0.041318,0.180501,0.293571,0.055935,0.057805,0.040595,0.185185,0.040241,0.085888,0.026615,0.00519,0.033121,0.012775,0.000632,0.035061,3.06E-05,0.000354,0.002805,0.000909,0.01648,0.021794,0.001153,0.002365,0.001209,0.023666,0.000845,0.005256
11,Cr2CoCuFeNi,891,218,162.7667,86.33333,0.278333,129.5,66.66667,116.6667,6.986667,3.766667,5.47,8.333333,1.5,4.716667,1.783333,1.778333,1.705,1.66,4.133333,0.2342,0.087191,0.270453,0.181329,0.036534,0.1978,0.009476,0.037045,0.086255,0.049473,0.226274,0.333333,0.055647,0.075348,0.052692,0.18064,0.048067,0.076349,0.026986,0.003873,0.037105,0.019799,0.000811,0.03145,4.22E-05,0.000501,0.004076,0.001279,0.025867,0.018519,0.001373,0.003508,0.001711,0.022383,0.001185,0.004016
12,CoCrCuNi,1018,204.5,164.15,80.425,0.2925,128.4,69.75,116.5,6.9,3.875,5.565,9,1.5,4.825,1.825,1.805,1.64,1.69,4.105,0.258071,0.104876,0.295808,0.168139,0.035434,0.217991,0.009597,0.039822,0.082872,0.048058,0.20787,0.333333,0.054095,0.07118,0.050245,0.207675,0.046025,0.092096,0.033058,0.006282,0.046914,0.018993,0.00087,0.032322,3.68E-05,0.00034,0.004579,0.001526,0.024691,0,0.000805,0.003378,0.00175,0.028554,0.001471,0.005611
13,Fe5(CoCrCuNi)95,1016,204.825,163.9425,80.45375,0.292375,128.35,69.2125,116.475,6.9095,3.86875,5.55825,8.95,1.525,4.80875,1.82375,1.80475,1.6415,1.6875,4.11375,0.251232,0.102499,0.288219,0.163963,0.034592,0.21678,0.009403,0.039221,0.08121,0.047196,0.205188,0.327459,0.054916,0.06949,0.048983,0.202271,0.045388,0.090052,0.03165,0.00601,0.044551,0.018849,0.000841,0.034488,3.99E-05,0.000477,0.004255,0.001406,0.025795,0.023297,0.00099,0.003566,0.001746,0.027774,0.001343,0.005458
14,Fe10(CoCrCuNi)90,927,205.15,163.735,80.4825,0.29225,128.3,68.675,116.45,6.919,3.8625,5.5515,8.9,1.55,4.7925,1.8225,1.8045,1.643,1.685,4.1225,0.244237,0.100036,0.280436,0.159668,0.033723,0.215227,0.009199,0.038565,0.079469,0.046281,0.202247,0.320964,0.055528,0.067745,0.047687,0.196735,0.044688,0.087926,0.030113,0.005593,0.042105,0.017816,0.000807,0.033636,3.84E-05,0.000448,0.00394,0.001291,0.023861,0.019901,0.001053,0.003338,0.001649,0.026392,0.00122,0.00529
15,Fe15(CoCrCuNi)85,925,205.475,163.5275,80.51125,0.292125,128.25,68.1375,116.425,6.9285,3.85625,5.54475,8.85,1.575,4.77625,1.82125,1.80425,1.6445,1.6825,4.13125,0.23707,0.097482,0.272441,0.155246,0.032825,0.213307,0.008985,0.037852,0.077644,0.045311,0.199027,0.313869,0.055935,0.065942,0.046353,0.191054,0.043923,0.085714,0.028609,0.00519,0.03967,0.016787,0.000773,0.033808,3.69E-05,0.000426,0.003635,0.00118,0.021976,0.0174,0.001153,0.003116,0.001552,0.025003,0.001103,0.005108
16,Fe2CoCrCuNi,819,206.6667,162.7667,80.61667,0.291667,128.0667,66.16667,116.3333,6.963333,3.833333,5.52,8.666667,1.666667,4.716667,1.816667,1.803333,1.65,1.673333,4.163333,0.209031,0.087191,0.240976,0.137737,0.02924,0.202657,0.008104,0.034692,0.070107,0.041205,0.184455,0.282843,0.055647,0.058744,0.041083,0.168756,0.040483,0.076745,0.022915,0.003873,0.030841,0.013056,0.000639,0.033221,3.28E-05,0.000405,0.002599,0.000812,0.015533,0.02,0.001373,0.002343,0.001204,0.019841,0.000722,0.004321
17,FeCoCrMnNi,737,219.4,159.76,86.76,0.273,128.72,60.4,116.4,6.986,3.73,5.416,8,1.8,4.65,1.74,1.784,1.838,1.65,4.026,0.137724,0.136025,0.166139,0.144491,0.032393,0.022458,0.008761,0.043395,0.064899,0.039594,0.176777,0.222222,0.081607,0.09338,0.044646,0.082613,0.041283,0.140382,0.014466,0.012387,0.02104,0.009875,0.000619,0.000132,3.54E-05,0.000598,0.00207,0.000588,0.009375,0.037037,0.00259,0.003567,0.001112,0.002056,0.000727,0.015026
18,Ni10(CoCrCuFe)90,911,206.525,161.5725,81.1075,0.28975,128.65,68.675,116.575,6.9815,3.825,5.5165,8.65,1.55,4.71125,1.81,1.7945,1.63175,1.67125,4.1025,0.242566,0.096351,0.27749,0.159373,0.032037,0.215227,0.008112,0.034322,0.078431,0.045677,0.204448,0.320964,0.051529,0.066298,0.045254,0.196428,0.043173,0.084961,0.03086,0.004849,0.039987,0.017045,0.000725,0.033636,3.06E-05,0.000394,0.003383,0.001075,0.020749,0.019901,0.000829,0.003022,0.001457,0.025602,0.00093,0.005015
19,Ni15(CoCrCuFe)85,888,206.1625,162.4463,80.82375,0.290875,128.425,68.1375,116.4875,6.95975,3.8375,5.52725,8.725,1.575,4.735625,1.815,1.79925,1.638875,1.675625,4.12125,0.236257,0.095737,0.271006,0.155106,0.032015,0.213307,0.008476,0.035855,0.077151,0.045024,0.200143,0.313869,0.054152,0.065249,0.045193,0.190908,0.043209,0.084305,0.028961,0.004843,0.038664,0.016426,0.000734,0.033808,3.21E-05,0.000349,0.003373,0.001078,0.020517,0.0174,0.001079,0.002967,0.001462,0.024635,0.000967,0.00498
20,Ni2CoCrCuFe,824,204.8333,165.65,79.78333,0.295,127.6,66.16667,116.1667,6.88,3.883333,5.566667,9,1.666667,4.825,1.833333,1.816667,1.665,1.691667,4.19,0.210954,0.090958,0.244405,0.138043,0.031086,0.202657,0.009187,0.038992,0.071172,0.041831,0.181444,0.282843,0.058849,0.060302,0.043653,0.169086,0.041996,0.079825,0.022176,0.004517,0.03299,0.013789,0.000722,0.033221,4.12E-05,0.000437,0.003141,0.001025,0.016461,0.02,0.001293,0.002645,0.001389,0.020573,0.001006,0.004575
21,Ni(CoCrFe)4,523,226.3868,169.1974,89.40661,0.278016,128.5447,60.5992,116.3327,6.91517,3.743487,5.446132,8.134269,1.733467,4.763527,1.793387,1.786713,1.789319,1.656713,4.293407,0.141145,0.058685,0.176203,0.150425,0.035873,0.024699,0.009242,0.038742,0.068957,0.039139,0.17884,0.255065,0.060062,0.068942,0.048565,0.073035,0.041866,0.030199,0.013165,0.00095,0.020527,0.015457,0.000875,4.61E-05,5.26E-05,0.000382,0.002944,0.000896,0.018276,0.04298,0.000662,0.003096,0.001546,0.003641,0.000881,0.000538
22,Ni2CoCrFe,429,219.8,171.22,86.06,0.286,127.56,60.2,116,6.834,3.82,5.512,8.6,1.8,4.86,1.82,1.81,1.782,1.68,4.33,0.136227,0.054249,0.172308,0.135599,0.034055,0.024414,0.009443,0.039715,0.068063,0.039388,0.174031,0.222222,0.061522,0.064076,0.04714,0.063924,0.043088,0.029791,0.014188,0.000354,0.022643,0.014084,0.000875,9.93E-05,2.97E-05,0.000556,0.00296,0.00093,0.017847,0.037037,0.001258,0.002898,0.001557,0.002932,0.000992,0.000538
23,Al0.3CoCrCuFeNi,1104,198.1132,158.3321,77.46415,0.295283,129.0491,66.60377,116.8868,7.111321,3.830189,5.454906,8.471698,1.679245,4.73283,1.801887,1.793189,1.64566,1.668113,4.097547,0.280733,0.159896,0.312202,0.151682,0.040849,0.21678,0.018997,0.105522,0.076889,0.075987,0.25286,0.342651,0.059635,0.075072,0.050374,0.179938,0.051214,0.092135,0.031435,0.015583,0.044945,0.015678,0.000663,0.035853,0.000273,0.00934,0.002903,0.003645,0.023028,0.028132,0.001408,0.002368,0.0012,0.022292,0.000745,0.004148
24,Al0.1CoCrFeNi,317,220.9756,167.3951,87.05366,0.281707,128.6634,60.2439,116.4634,6.970732,3.756098,5.428537,8.121951,1.780488,4.775122,1.792683,1.788122,1.783902,1.657805,4.280244,0.177801,0.104576,0.208639,0.149561,0.039343,0.036437,0.014823,0.078718,0.0694,0.055774,0.205656,0.263498,0.062655,0.07225,0.05049,0.071337,0.045852,0.044584,0.01632,0.006923,0.024856,0.015592,0.00077,0.000601,0.000127,0.004535,0.00285,0.001528,0.016593,0.04316,0.001241,0.002814,0.001445,0.003535,0.000821,0.001055
25,Al0.4CoCrFeNi,460,210.6818,161.1091,82.90455,0.286364,129.6545,59.54545,117.0455,7.177273,3.738636,5.335909,7.772727,1.863636,4.741364,1.772727,1.776182,1.774091,1.645,4.219545,0.255014,0.178344,0.280989,0.154222,0.047107,0.056095,0.023252,0.129476,0.069485,0.084371,0.265744,0.293697,0.066356,0.081891,0.055001,0.072198,0.053083,0.068804,0.040534,0.025838,0.042502,0.016125,0.000924,0.002317,0.000405,0.014049,0.002454,0.005046,0.034082,0.047591,0.001099,0.002104,0.001106,0.003671,0.001027,0.003467
26,AlCo3CrFeNi,927,176.8571,156.4,68.22857,0.317143,128.3714,64.28571,117.2857,7.257143,3.885714,5.398571,8.428571,2,4.797143,1.828571,1.809,1.615714,1.672857,4.11,0.29001,0.232793,0.300985,0.060098,0.04798,0.210467,0.027236,0.156697,0.052703,0.102817,0.282599,0.267261,0.062306,0.075745,0.045824,0.137198,0.05363,0.103872,0.049705,0.038431,0.052354,0.001461,0.001903,0.034226,0.000617,0.020348,0.001402,0.008647,0.058891,0,0.001526,0.004578,0.001673,0.015673,0.002046,0.00414
27,Al0.25CoCrFeNi,281,215.6471,164.1412,84.90588,0.284118,129.1765,59.88235,116.7647,7.077647,3.747059,5.380588,7.941176,1.823529,4.757647,1.782353,1.781941,1.778824,1.651176,4.248824,0.220708,0.147358,0.248265,0.152255,0.043733,0.047882,0.019821,0.109708,0.069483,0.072286,0.238422,0.281219,0.064682,0.07754,0.052964,0.071835,0.04985,0.058659,0.026724,0.017121,0.029876,0.015912,0.000649,0.001551,0.000283,0.010028,0.002642,0.00347,0.022761,0.045786,0.001007,0.00244,0.001266,0.003611,0.000832,0.002391
28,Al0.375CoCrFeNi,505,211.4857,161.6,83.22857,0.286,129.5771,59.6,117,7.161143,3.74,5.343143,7.8,1.857143,4.744,1.774286,1.777114,1.774857,1.646,4.224286,0.249729,0.173696,0.275901,0.153937,0.0466,0.054877,0.022751,0.126661,0.069489,0.082567,0.261488,0.291903,0.066098,0.081221,0.054687,0.072146,0.052588,0.067296,0.038362,0.024479,0.040193,0.016096,0.000883,0.002201,0.000384,0.013449,0.002484,0.004806,0.03231,0.047337,0.001069,0.002157,0.001132,0.003662,0.000977,0.003304
29,Al0.2CrCuFeNi2,946,198.8462,159.1231,77.29615,0.294231,128.6615,66.34615,116.5385,7.040385,3.865385,5.506538,8.769231,1.653846,4.770385,1.807692,1.804346,1.653462,1.681538,4.120769,0.266796,0.1385,0.301197,0.151459,0.039078,0.220568,0.017526,0.092405,0.079072,0.069168,0.239427,0.332973,0.064808,0.071838,0.051382,0.182203,0.051836,0.091191,0.031234,0.010693,0.046379,0.01572,0.000617,0.037592,0.0002,0.006787,0.003247,0.00258,0.017698,0.021633,0.002313,0.002535,0.001406,0.02313,0.000887,0.004501
30,Al0.3CrCuFeNi2,1014,196.4151,157.5396,76.33208,0.295283,128.9358,66.03774,116.6981,7.096226,3.858491,5.479434,8.660377,1.679245,4.761132,1.801887,1.800736,1.653208,1.677547,4.106981,0.282033,0.156377,0.31554,0.151682,0.041561,0.222066,0.019947,0.107081,0.079513,0.077543,0.256674,0.342651,0.065828,0.075072,0.053007,0.180507,0.054251,0.093807,0.03323,0.015417,0.049166,0.015678,0.000678,0.038136,0.000285,0.009478,0.003128,0.00373,0.023083,0.028132,0.002415,0.002368,0.001322,0.022679,0.000832,0.004258
31,Al0.4CrCuFeNi2,1316,194.0741,156.0148,75.4037,0.296296,129.2,65.74074,116.8519,7.15,3.851852,5.453333,8.555556,1.703704,4.752222,1.796296,1.797259,1.652963,1.673704,4.093704,0.296101,0.171858,0.328903,0.151812,0.043703,0.223428,0.021937,0.118672,0.0799,0.08469,0.272418,0.350533,0.066748,0.07797,0.054467,0.178858,0.056405,0.096179,0.035116,0.019755,0.051819,0.015625,0.000848,0.038634,0.00036,0.011763,0.003014,0.004763,0.030453,0.037282,0.002509,0.002211,0.001243,0.022246,0.001022,0.004027
32,Al0.5CrCuFeNi2,1717,191.8182,154.5455,74.50909,0.297273,129.4545,65.45455,117,7.201818,3.845455,5.428182,8.454545,1.727273,4.743636,1.790909,1.793909,1.652727,1.67,4.080909,0.309172,0.185563,0.34141,0.151862,0.04557,0.224665,0.023619,0.128158,0.080239,0.090921,0.286918,0.356965,0.06758,0.080581,0.055785,0.177253,0.058336,0.098337,0.036897,0.023736,0.054348,0.015562,0.000995,0.03909,0.000412,0.013721,0.002906,0.005691,0.037314,0.044825,0.002598,0.002394,0.001168,0.021828,0.001245,0.003808
33,Al0.6CrCuFeNi2,2127,189.6429,153.1286,73.64643,0.298214,129.7,65.17857,117.1429,7.251786,3.839286,5.403929,8.357143,1.75,4.735357,1.785714,1.790679,1.6525,1.666429,4.068571,0.321377,0.197879,0.353162,0.151841,0.04721,0.225787,0.025067,0.136091,0.080534,0.096436,0.300364,0.362209,0.068333,0.082946,0.056977,0.17569,0.060077,0.100304,0.041579,0.027389,0.056759,0.01549,0.001122,0.039506,0.000482,0.015386,0.002804,0.006524,0.0437,0.05102,0.00268,0.002731,0.001097,0.021427,0.001444,0.0036
34,Al0.7CrCuFeNi2,2263,187.5439,151.7614,72.81404,0.299123,129.9368,64.91228,117.2807,7.3,3.833333,5.380526,8.263158,1.77193,4.727368,1.780702,1.787561,1.652281,1.662982,4.056667,0.332821,0.20907,0.364241,0.151758,0.04866,0.226803,0.026329,0.142826,0.080788,0.10137,0.312902,0.36647,0.069013,0.085095,0.058059,0.174168,0.061654,0.102102,0.046693,0.030738,0.059057,0.015411,0.001232,0.039886,0.000531,0.016784,0.002706,0.007271,0.049644,0.056083,0.002757,0.003031,0.001163,0.02104,0.00162,0.003403
35,AlCrCuFeNi4,1529,196.125,160.7375,76.0625,0.3,128.775,58.625,116.875,7.16875,3.8375,5.38125,8.25,2,4.86,1.8,1.802875,1.75875,1.67125,4.24,0.274714,0.206878,0.297103,0.124722,0.050972,0.059663,0.027539,0.152924,0.067937,0.098698,0.289072,0.25,0.070965,0.083333,0.05704,0.057455,0.059643,0.080249,0.0515,0.035396,0.053717,0.011111,0.001554,0.0027,0.000597,0.019488,0.001984,0.007412,0.050505,0,0.001677,0.003086,0.001386,0.002352,0.001776,0.005012
36,Al0.5CoCrCuFeNi,1349,193.4545,155.3091,75.6,0.297273,129.5636,66,117.1818,7.216364,3.818182,5.404545,8.272727,1.727273,4.716364,1.790909,1.786636,1.645455,1.660909,4.071818,0.308244,0.188799,0.338714,0.151862,0.044869,0.219851,0.022671,0.126628,0.077427,0.08927,0.28274,0.356965,0.061433,0.080581,0.0531,0.176659,0.055209,0.096654,0.036814,0.024021,0.050134,0.015562,0.000973,0.036898,0.000404,0.013526,0.002676,0.005539,0.036732,0.044825,0.001501,0.002394,0.001053,0.02147,0.001172,0.003704
37,CoCrCuFeNi,777,205.8,163.32,80.54,0.292,128.2,67.6,116.4,6.938,3.85,5.538,8.8,1.6,4.76,1.82,1.804,1.646,1.68,4.14,0.229715,0.094827,0.264217,0.150685,0.031896,0.210995,0.008761,0.037078,0.075727,0.044281,0.195507,0.306186,0.056136,0.064076,0.044979,0.185217,0.043088,0.083409,0.027083,0.004801,0.037247,0.015763,0.000738,0.033927,3.54E-05,0.000407,0.00334,0.001074,0.020145,0.015625,0.001236,0.002898,0.001456,0.023606,0.000992,0.004911
38,CoCrFeNi,507,224.75,169.7,88.575,0.28,128.3,60.5,116.25,6.895,3.7625,5.4625,8.25,1.75,4.7875,1.8,1.7925,1.7875,1.6625,4.3025,0.140574,0.057826,0.176079,0.147254,0.03559,0.024793,0.009374,0.039313,0.069291,0.039548,0.179275,0.247436,0.061065,0.068041,0.048535,0.070916,0.042612,0.030321,0.01363,0.000707,0.021381,0.015306,0.000888,1.00E-18,5.55E-05,0.00039,0.003002,0.000917,0.018365,0.040816,0.000941,0.002315,0.001576,0.003474,0.000905,0.000547
39,Al0.5CoCrCu0.5FeNi2,2033,200.83,160.804,78.359,0.2952,128.86,62.26,116.81,7.1118,3.8225,5.4209,8.33,1.83,4.7939,1.8,1.79674,1.7147,1.6681,4.1865,0.265293,0.174946,0.292886,0.141669,0.045141,0.167252,0.02251,0.125201,0.072437,0.083793,0.262494,0.29985,0.066366,0.078174,0.053372,0.127148,0.054231,0.08294,0.033945,0.022667,0.037589,0.014108,0.000985,0.023491,0.000393,0.013194,0.002536,0.004968,0.032486,0.033504,0.001749,0.001975,0.001133,0.010959,0.00108,0.002823
40,Al0.25CoFeNi,637,196.1538,165.4154,75.55385,0.306923,127.0769,59.23077,116.3846,7.030769,3.869231,5.457692,8.538462,2.076923,4.836923,1.838462,1.822538,1.710769,1.679231,4.294615,0.187131,0.166457,0.191501,0.050125,0.03774,0.050499,0.021721,0.125542,0.041033,0.076113,0.208574,0.1283,0.064433,0.058577,0.037389,0.023878,0.044224,0.062618,0.031699,0.022551,0.032813,0.001484,0.001236,0.001864,0.000418,0.013698,0.000681,0.004965,0.031466,0.014773,0.001143,0.002472,0.000989,0.000246,0.001147,0.003409
41,Ni10(CoCrFeNn)90,816,221.825,157.5675,88.105,0.268375,129.235,60.575,116.575,7.0355,3.69,5.37925,7.75,1.775,4.5875,1.72,1.772,1.84775,1.6375,3.97425,0.14071,0.140201,0.167375,0.147075,0.032065,0.022114,0.008112,0.040537,0.061515,0.036983,0.167618,0.235258,0.077635,0.093927,0.04313,0.085712,0.037713,0.14569,0.014412,0.012736,0.020356,0.009184,0.000598,0.000132,3.06E-05,0.000594,0.001851,0.000463,0.011238,0.041286,0.002459,0.003194,0.001032,0.00221,0.000503,0.015608
42,Ni5(CoCrFeNn)95,1518,223.0375,156.4713,88.7775,0.266063,129.4925,60.6625,116.6625,7.06025,3.67,5.360875,7.625,1.7625,4.55625,1.71,1.766,1.852625,1.63125,3.948375,0.141813,0.141801,0.167434,0.147635,0.031715,0.021798,0.00766,0.038587,0.058938,0.035077,0.159784,0.241447,0.074537,0.093659,0.041924,0.087077,0.035127,0.14793,0.014419,0.012782,0.020162,0.009181,0.000588,0.00015,2.92E-05,0.000721,0.001719,0.000401,0.010212,0.043543,0.002345,0.002965,0.001005,0.002304,0.000446,0.015761
43,Ni15(CoCrFeNn)85,899,220.6125,158.6638,87.4325,0.270688,128.9775,60.4875,116.4875,7.01075,3.71,5.397625,7.875,1.7875,4.61875,1.73,1.778,1.842875,1.64375,4.000125,0.139351,0.138276,0.16695,0.146022,0.03229,0.022333,0.008476,0.042129,0.063478,0.03847,0.173154,0.228854,0.079961,0.093831,0.04403,0.084227,0.039735,0.143175,0.014481,0.012604,0.020767,0.0096,0.000604,0.000119,3.21E-05,0.000513,0.001976,0.000515,0.011993,0.039125,0.00254,0.003408,0.001069,0.002128,0.000626,0.015361
44,CoCrFeMnNi1.5,783,217.6364,161.3545,85.78182,0.276364,128.3455,60.27273,116.2727,6.95,3.759091,5.442727,8.181818,1.818182,4.695455,1.754545,1.792727,1.830909,1.659091,4.063636,0.134836,0.132161,0.164222,0.141428,0.032321,0.022473,0.009051,0.044699,0.066097,0.040649,0.179161,0.212132,0.082914,0.092106,0.045072,0.080016,0.04281,0.135805,0.014285,0.01193,0.021176,0.010042,0.000637,0.000146,3.91E-05,0.000658,0.002152,0.000657,0.013378,0.035,0.002609,0.003705,0.001149,0.001962,0.000795,0.014386
45,CoCrFeMnNi2,770,216.1667,162.6833,84.96667,0.279167,128.0333,60.16667,116.1667,6.92,3.783333,5.465,8.333333,1.833333,4.733333,1.766667,1.8,1.825,1.666667,4.095,0.131915,0.128391,0.161897,0.138122,0.032057,0.022333,0.009187,0.045323,0.066372,0.041049,0.178885,0.203279,0.083102,0.090487,0.045019,0.077604,0.043497,0.131504,0.013986,0.011428,0.021039,0.00998,0.000641,0.000153,4.12E-05,0.000657,0.002174,0.000663,0.013067,0.033058,0.002579,0.003738,0.001075,0.00189,0.000791,0.013722
46,CoCrFeMnNi3,857,213.8571,164.7714,83.68571,0.283571,127.5429,60,116,6.872857,3.821429,5.5,8.571429,1.857143,4.792857,1.785714,1.811429,1.815714,1.678571,4.144286,0.126251,0.121397,0.156732,0.131514,0.031247,0.021822,0.009216,0.045467,0.065554,0.040853,0.174801,0.188422,0.081845,0.086902,0.044206,0.073293,0.043596,0.123778,0.01323,0.010427,0.02033,0.009543,0.000628,0.000119,3.18E-05,0.000601,0.002124,0.000623,0.0125,0.029586,0.002719,0.003648,0.001129,0.001783,0.000753,0.012451
47,Co10(CrFeNiNn)90,759,220.7,157.0425,87.355,0.268375,129.16,60.2,116.45,7.0255,3.70875,5.3955,7.875,1.775,4.60625,1.72,1.777,1.85275,1.64375,3.9805,0.144138,0.137285,0.17382,0.147075,0.03268,0.021722,0.009199,0.042547,0.067063,0.040585,0.184428,0.235258,0.082603,0.093927,0.046049,0.083581,0.042448,0.146643,0.01542,0.012439,0.02265,0.009184,0.00061,0.000199,3.84E-05,0.000846,0.002077,0.000755,0.016327,0.041286,0.003016,0.003194,0.001112,0.001785,0.000939,0.015768
48,FeCrNiMn,770,222,154.325,87.95,0.26375,129.6,60,116.5,7.065,3.6875,5.375,7.75,1.75,4.5625,1.7,1.77,1.8675,1.6375,3.935,0.149906,0.136326,0.180721,0.147682,0.032609,0.020412,0.009597,0.040944,0.068722,0.041215,0.190841,0.247436,0.082511,0.093008,0.0471,0.083762,0.043263,0.152027,0.015867,0.01203,0.022615,0.009119,0.0006,0.000208,3.68E-05,0.001127,0.002344,0.000945,0.020812,0.040816,0.004098,0.002595,0.001117,0.001968,0.001179,0.016194
49,Co5(CrFeNiNn)95,809,221.35,155.6838,87.6525,0.266063,129.38,60.1,116.475,7.04525,3.698125,5.38525,7.8125,1.7625,4.584375,1.71,1.7735,1.860125,1.640625,3.95775,0.147097,0.137098,0.177361,0.147635,0.032689,0.021145,0.009403,0.041843,0.067954,0.040944,0.187787,0.241447,0.082696,0.093659,0.046617,0.083767,0.042898,0.149441,0.015955,0.012295,0.023421,0.009181,0.000607,0.000237,3.99E-05,0.000982,0.002103,0.000847,0.018483,0.043543,0.003535,0.002965,0.00111,0.002197,0.001056,0.016022
50,Co15(CrFeNiNn)85,797,220.05,158.4013,87.0575,0.270688,128.94,60.3,116.425,7.00575,3.719375,5.40575,7.9375,1.7875,4.628125,1.73,1.7805,1.845375,1.646875,4.00325,0.141018,0.13692,0.170085,0.146022,0.032582,0.022157,0.008985,0.043063,0.066046,0.040135,0.18076,0.228854,0.082239,0.093831,0.045393,0.083199,0.041911,0.143626,0.014891,0.012467,0.021858,0.0096,0.00061,0.000164,3.69E-05,0.000718,0.002081,0.000669,0.014334,0.039125,0.002604,0.003408,0.001116,0.001909,0.00083,0.015435
51,Co2CrFeNiMn,741,217.6667,163.3833,85.96667,0.279167,128.1333,60.66667,116.3333,6.933333,3.758333,5.443333,8.166667,1.833333,4.708333,1.766667,1.793333,1.818333,1.658333,4.086667,0.12797,0.131155,0.154448,0.138122,0.031421,0.022654,0.008104,0.043379,0.061167,0.037674,0.164536,0.203279,0.078617,0.090487,0.042181,0.079975,0.039144,0.130539,0.013077,0.01168,0.018849,0.00998,0.000623,0.000141,3.28E-05,0.000517,0.001967,0.000551,0.011662,0.033058,0.002456,0.003738,0.001062,0.002305,0.000566,0.013581
52,NiCoCrFeNn,678,219.4,159.76,86.76,0.273,128.72,60.4,116.4,6.986,3.73,5.416,8,1.8,4.65,1.74,1.784,1.838,1.65,4.026,0.137724,0.136025,0.166139,0.144491,0.032393,0.022458,0.008761,0.043395,0.064899,0.039594,0.176777,0.222222,0.081607,0.09338,0.044646,0.082613,0.041283,0.140382,0.014466,0.012387,0.02104,0.009875,0.000619,0.000132,3.54E-05,0.000598,0.00207,0.000588,0.009375,0.037037,0.00259,0.003567,0.001112,0.002056,0.000727,0.015026
53,Ni5(CoFeNn)95,758,205.6998,155.0073,80.59155,0.283084,127.5133,60.26663,116.2666,7.014322,3.765008,5.428174,8.10005,2,4.564182,1.741671,1.800835,1.807499,1.651836,3.892181,0.027818,0.163598,0.018037,0.0961,0.017113,0.020739,0.004676,0.04133,0.036152,0.028367,0.112026,2.22E-16,0.083959,0.097377,0.022335,0.088592,0.02782,0.170502,0.000405,0.015823,0.000154,0.005542,0.000162,0.000256,1.09E-05,0.000726,0.000603,0.000422,0.005792,-1,0.003213,0.005742,0.000252,0.005205,0.000296,0.018765
54,Ni10(CoFeNn)90,816,205.4,156.18,80.35,0.2845,127.36,60.2,116.2,6.992,3.78,5.443,8.2,2,4.595,1.75,1.805,1.805,1.657,3.921,0.027815,0.161222,0.021744,0.095439,0.017442,0.020748,0.005164,0.04257,0.038881,0.029863,0.119487,0,0.086018,0.096468,0.023797,0.086549,0.03006,0.167664,0.00032,0.01592,0.000273,0.005671,0.000171,0.000265,1.33E-05,0.000728,0.000661,0.000458,0.006246,-1,0.003353,0.005878,0.000276,0.005023,0.000323,0.0178
55,Ni15(CoFeNn)85,727,205.1004,157.3516,80.1087,0.285915,127.2069,60.13343,116.1334,6.9697,3.794978,5.457811,8.29985,2,4.625787,1.758321,1.80916,1.802504,1.662159,3.94979,0.027734,0.158525,0.024572,0.094526,0.017683,0.020697,0.00555,0.043554,0.04101,0.031035,0.125008,0,0.087465,0.095332,0.024949,0.084424,0.031815,0.164532,0.000247,0.015886,0.000378,0.005745,0.000178,0.000272,1.54E-05,0.000759,0.000708,0.000486,0.00658,-1,0.003451,0.005957,0.000296,0.004836,0.000368,0.017281
56,Ni20(CoFeNn)80,765,204.8,158.5267,79.86667,0.287333,127.0533,60.06667,116.0667,6.947333,3.81,5.472667,8.4,2,4.656667,1.766667,1.813333,1.8,1.667333,3.978667,0.027575,0.155494,0.026802,0.093357,0.017842,0.020585,0.005858,0.044298,0.042646,0.031925,0.128953,0,0.088357,0.093962,0.02584,0.082202,0.033175,0.161088,0.000184,0.015727,0.000463,0.005765,0.000183,0.000276,1.72E-05,0.000783,0.000744,0.000508,0.006803,-1,0.003509,0.005981,0.000311,0.004642,0.00042,0.017351
57,CoFeNiNn,784,204.5,159.7,79.625,0.28875,126.9,60,116,6.925,3.825,5.4875,8.5,2,4.6875,1.775,1.8175,1.7975,1.6725,4.0075,0.027336,0.152135,0.028561,0.091934,0.017918,0.020412,0.006096,0.044806,0.043844,0.032557,0.131533,0,0.088724,0.092358,0.026494,0.079884,0.034184,0.157338,0.000132,0.015449,0.000518,0.005735,0.000186,0.000208,0,0.0008,0.000769,0.000523,0.00692,-1,0.003527,0.005951,0.000322,0.004441,0.000469,0.017254
58,CoFeNi2Nn,792,203.6,163.22,78.9,0.293,126.44,59.8,115.8,6.858,3.87,5.532,8.8,2,4.78,1.8,1.83,1.79,1.688,4.094,0.026101,0.139952,0.03166,0.086072,0.017654,0.019502,0.006462,0.044938,0.045201,0.033064,0.132522,0,0.086915,0.086066,0.027213,0.072238,0.035426,0.144089,0.000139,0.013946,0.000529,0.005347,0.000185,0.000268,2.09E-05,0.000879,0.000961,0.000581,0.008264,-1,0.003624,0.004938,0.000376,0.003789,0.000533,0.016034
59,AlCoCrFeNi4,1538,196.125,160.7375,76.0625,0.3,128.775,58.625,116.875,7.16875,3.8375,5.38125,8.25,2,4.86,1.8,1.802875,1.75875,1.67125,4.24,0.274714,0.206878,0.297103,0.124722,0.050972,0.059663,0.027539,0.152924,0.067937,0.098698,0.289072,0.25,0.070965,0.083333,0.05704,0.057455,0.059643,0.080249,0.0515,0.035396,0.053717,0.011111,0.001554,0.0027,0.000597,0.019488,0.001984,0.007412,0.050505,0,0.001677,0.003086,0.001386,0.002352,0.001776,0.005012
60,Al0.3CoCrFeNi,426,213.9535,163.107,84.22326,0.284884,129.3395,59.76744,116.8605,7.111628,3.744186,5.365349,7.883721,1.837209,4.752093,1.77907,1.779977,1.777209,1.64907,4.238837,0.232888,0.158595,0.259796,0.152982,0.044952,0.050882,0.021089,0.117146,0.069492,0.076679,0.248033,0.285863,0.065276,0.079082,0.053686,0.071969,0.051001,0.062359,0.031539,0.020181,0.032951,0.015993,0.000749,0.001825,0.000326,0.011506,0.002577,0.004033,0.026722,0.046467,0.000998,0.002324,0.001211,0.003633,0.000864,0.002776
61,CoFeNi,444,206.6667,172.9333,79.66667,0.303333,125.7333,60,115.6667,6.783333,3.9,5.573333,9,2,4.883333,1.866667,1.84,1.716667,1.696667,4.37,0.02315,0.053805,0.032946,0.031082,0.009573,0.02357,0.004076,0.032328,0.031404,0.020528,0.090722,0,0.056906,0.025254,0.01775,0.021447,0.026504,0.015294,0.000304,0.001652,0.000613,0.000483,5.26E-05,0.000278,8.31E-06,0.000588,3.04E-18,0.00022,0,-1,0.001864,0.000319,9.76E-19,0.000245,0.000371,0.000134
62,Al0.5CoCrFeNiTi0.2,1967,190.7368,153.6632,74.54737,0.29807,130.1474,66.07018,117.7018,7.336491,3.794737,5.384035,8.122807,1.736842,4.702807,1.780702,1.772368,1.652982,1.648947,4.099123,0.316061,0.195679,0.345446,0.149435,0.049783,0.215802,0.032066,0.149474,0.083102,0.090262,0.298963,0.349909,0.062379,0.085095,0.06743,0.174385,0.066566,0.100572,0.037154,0.022573,0.052362,0.015187,0.000825,0.035972,0.000517,0.011525,0.002385,0.005212,0.03485,0.045591,0.001564,0.002159,0.001677,0.021075,0.001391,0.003874
63,Al2(FeCoNiCrMn)98,1062,216.4132,158.0695,85.54927,0.274539,129.0095,60.19208,116.5719,7.046256,3.725402,5.389091,7.900039,1.823991,4.642603,1.735202,1.780581,1.834042,1.646401,4.013285,0.168649,0.155337,0.194009,0.147556,0.035644,0.032903,0.013477,0.073476,0.064904,0.052668,0.198125,0.23582,0.081681,0.094697,0.046278,0.083341,0.043723,0.141165,0.01627,0.01134,0.023367,0.01021,0.000553,0.000571,0.000102,0.003506,0.001982,0.001186,0.013818,0.038175,0.002555,0.003328,0.001031,0.002248,0.000773,0.014454
64,Al4(FeCoNiCrMn)96,975,213.4332,156.3828,84.34132,0.276075,129.2983,59.98464,116.7435,7.106375,3.720814,5.362243,7.800307,1.847926,4.635223,1.730415,1.777171,1.830092,1.642811,4.000599,0.195013,0.172483,0.218656,0.150275,0.038461,0.040541,0.016773,0.092976,0.064886,0.06286,0.217514,0.24729,0.081725,0.095928,0.047785,0.084011,0.045945,0.14188,0.018096,0.01066,0.025723,0.01051,0.000502,0.001107,0.000199,0.006621,0.001895,0.002289,0.015144,0.039127,0.002397,0.003094,0.000952,0.002244,0.000817,0.01389
65,Al7(FeCoNiCrMn)93,1109,208.9509,153.8458,82.5244,0.278385,129.7327,59.67262,117.0015,7.196801,3.713914,5.32186,7.650298,1.883929,4.624122,1.723214,1.77204,1.824152,1.637411,3.981518,0.229574,0.195471,0.251804,0.153786,0.042084,0.049563,0.020545,0.114277,0.064814,0.075307,0.244066,0.261381,0.081731,0.097624,0.049847,0.084915,0.048946,0.14283,0.030929,0.01798,0.032573,0.010901,0.000749,0.001832,0.000327,0.010607,0.001768,0.003815,0.025454,0.040243,0.002272,0.002752,0.000853,0.002374,0.000879,0.013057
66,Al8(FeCoNiCrMn)92,1115,207.4425,152.9921,81.91297,0.279163,129.8789,59.56762,117.0883,7.227231,3.711592,5.30827,7.599816,1.896044,4.620386,1.720791,1.770314,1.822153,1.635593,3.975097,0.240231,0.202619,0.262171,0.154822,0.043167,0.052168,0.02161,0.120101,0.064777,0.078965,0.252442,0.265401,0.081717,0.098154,0.05049,0.085192,0.049874,0.143115,0.035124,0.020307,0.037025,0.011016,0.000839,0.002055,0.000365,0.011781,0.001727,0.004315,0.02881,0.040539,0.002293,0.002639,0.000826,0.002416,0.000899,0.012781
67,Al0.3CoCrFeNiMo0.1,782,216.5682,165.3364,85.16364,0.285455,129.5818,60.11364,117.1364,7.163182,3.7375,5.402045,7.840909,1.818182,4.748636,1.779545,1.772932,1.780909,1.641136,4.2975,0.240831,0.178158,0.264111,0.1515,0.046019,0.062668,0.025906,0.124283,0.069813,0.087479,0.249124,0.293684,0.064753,0.078177,0.059314,0.072294,0.059762,0.108211,0.031079,0.020028,0.03237,0.015822,0.000689,0.001852,0.000295,0.010674,0.00244,0.00414,0.025895,0.04375,0.001601,0.002311,0.00104,0.003408,0.001,0.007827
68,Al0.3CoCrFeNiTi0.1,1158,211.7273,161.8636,83.34545,0.285682,129.7227,59.95455,117.2045,7.191818,3.730682,5.352955,7.795455,1.840909,4.7425,1.772727,1.770886,1.779091,1.641591,4.252727,0.242649,0.165822,0.268564,0.15192,0.048356,0.054159,0.028332,0.135867,0.072918,0.07748,0.258852,0.282336,0.066007,0.081891,0.063077,0.071409,0.058802,0.065071,0.030548,0.019515,0.033349,0.015898,0.000663,0.001822,0.000352,0.010389,0.00236,0.003869,0.025645,0.047252,0.001506,0.002104,0.001046,0.003478,0.000991,0.002797
69,CoCrFeNiMnV0.25,771,215.0476,159.6762,84.85238,0.277619,129,60.61905,116.6667,7.049524,3.709524,5.395238,7.857143,1.809524,4.633333,1.733333,1.771905,1.85619,1.640476,4.087143,0.164304,0.132837,0.193886,0.157366,0.033003,0.027167,0.013314,0.058183,0.068302,0.042434,0.19356,0.217006,0.08153,0.093083,0.053444,0.091071,0.048126,0.150622,0.016778,0.01176,0.02431,0.010921,0.000538,0.000229,9.80E-05,0.00154,0.001767,0.00064,0.014105,0.037594,0.002366,0.00317,0.000872,0.001405,0.000849,0.015531
70,CoCuFeNiMn,1464,189.6,155.32,73.38,0.299,127.08,67.2,116.2,6.962,3.9,5.558,9,1.8,4.68,1.8,1.824,1.654,1.688,3.904,0.15937,0.150851,0.172452,0.104912,0.016252,0.214905,0.00644,0.041256,0.054393,0.038343,0.157135,0.222222,0.079549,0.086066,0.024665,0.190101,0.035426,0.153881,0.01937,0.010161,0.022922,0.006342,0.000135,0.035537,2.07E-05,0.000554,0.000888,0.000693,0.007407,0.037037,0.003064,0.004938,0.000314,0.024068,0.000533,0.010851
71,Al0.7Cr2Fe2Ni5.3,955,208.9,163.233,81.374,0.2888,128.742,58.97,116.5,7.0567,3.8115,5.4232,8.31,1.87,4.8291,1.792,1.79931,1.7816,1.6704,4.2665,0.233347,0.156374,0.263173,0.144543,0.045704,0.046345,0.022301,0.120917,0.074343,0.080159,0.257361,0.269032,0.071436,0.077997,0.056512,0.065653,0.056133,0.064322,0.030927,0.020281,0.034759,0.014886,0.000861,0.00162,0.000369,0.012173,0.00288,0.004358,0.028303,0.042323,0.001435,0.002292,0.001377,0.002928,0.001137,0.002952
72,Al0.5CoCrFeNiMn,1312,191.1579,155.4035,74.58596,0.299825,129.7404,65.96491,117.3509,7.255088,3.8,5.389649,8.157895,1.736842,4.701754,1.784211,1.777632,1.665614,1.653509,4.115263,0.312836,0.185372,0.344696,0.154492,0.04459,0.216093,0.023486,0.12685,0.080434,0.089119,0.291158,0.349909,0.062688,0.081855,0.058771,0.182804,0.059315,0.10904,0.036671,0.023355,0.052213,0.015558,0.000905,0.036364,0.000371,0.012554,0.00243,0.005249,0.035,0.045591,0.001573,0.002212,0.000877,0.021686,0.001069,0.004048
73,CoCrFe,2991,233,167.1667,92.76667,0.27,129.5333,61,116.6667,6.996667,3.666667,5.38,7.666667,1.666667,4.666667,1.766667,1.763333,1.796667,1.633333,4.256667,0.139644,0.060629,0.171815,0.160018,0.035975,0.023184,0.008081,0.03401,0.063311,0.034774,0.162681,0.282843,0.050508,0.070597,0.046381,0.080828,0.035112,0.028082,0.01002,0.001838,0.015177,0.014632,0.00074,0.000269,3.27E-05,0.000667,0.002314,0.000691,0.015123,0.04,0.001276,0.002848,0.001233,0.003662,0.000666,0.000442
74,Al5(CoCrFe)95,3783,224.8459,162.566,89.43667,0.274002,130.217,60.44972,117.0835,7.146908,3.658329,5.314467,7.433217,1.733367,4.647324,1.753327,1.755813,1.788829,1.625163,4.213312,0.211821,0.137483,0.23769,0.166345,0.041714,0.045755,0.017388,0.097186,0.06264,0.063755,0.213251,0.313657,0.052655,0.076852,0.049087,0.081396,0.04078,0.052682,0.022525,0.014369,0.024291,0.016198,0.000476,0.001313,0.000209,0.007952,0.002156,0.002593,0.015953,0.04919,0.001511,0.002197,0.000949,0.004067,0.000645,0.001831
75,Al10(CoCrFe)90,5252,216.7,157.97,86.11,0.278,130.9,59.9,117.5,7.297,3.65,5.249,7.2,1.8,4.628,1.74,1.7483,1.781,1.617,4.17,0.266855,0.184956,0.290892,0.170854,0.046061,0.059471,0.022597,0.127292,0.061872,0.082152,0.254588,0.333333,0.054431,0.082085,0.051332,0.081732,0.045281,0.068023,0.045622,0.027404,0.047722,0.01739,0.000668,0.002664,0.000402,0.013696,0.001858,0.004891,0.030324,0.055556,0.001709,0.00218,0.000686,0.004184,0.000766,0.003414
76,Al0.9CoCrFeNi,4475,196.3265,152.3429,77.11837,0.292857,131.0367,58.57143,117.8571,7.465306,3.714286,5.206735,7.285714,1.979592,4.694286,1.744898,1.759531,1.760408,1.627143,4.134898,0.338079,0.247146,0.362596,0.157312,0.054128,0.073171,0.029937,0.16436,0.06907,0.110134,0.33391,0.314391,0.070133,0.091945,0.059633,0.0727,0.060382,0.090081,0.075975,0.046581,0.080029,0.016317,0.001425,0.003923,0.000674,0.020971,0.001944,0.00871,0.061593,0.049952,0.001574,0.003415,0.001166,0.00378,0.0017,0.005946
77,Al0.875CoCrFeNi,4561,196.9744,152.7385,77.37949,0.292564,130.9744,58.61538,117.8205,7.452308,3.715385,5.212564,7.307692,1.974359,4.69641,1.746154,1.760282,1.761026,1.627949,4.138718,0.334677,0.244462,0.359204,0.157249,0.053882,0.072547,0.029706,0.163253,0.069103,0.109176,0.331091,0.313845,0.069995,0.091562,0.059461,0.072695,0.060108,0.089299,0.074536,0.045793,0.078454,0.016321,0.001411,0.003869,0.000666,0.020795,0.001966,0.008572,0.060527,0.049924,0.001555,0.003372,0.001152,0.003777,0.001678,0.005856
78,AlCoCr1.5Cu0.5FeNi,5191,195.5833,150.4833,77.05833,0.290833,131.3833,61.83333,117.9167,7.458333,3.720833,5.234167,7.416667,1.833333,4.6675,1.741667,1.7555,1.721667,1.629167,4.065833,0.354211,0.23737,0.383209,0.173323,0.051822,0.179584,0.028224,0.155882,0.078443,0.108621,0.341359,0.374828,0.065676,0.09216,0.059784,0.136811,0.061148,0.09606,0.06863,0.041121,0.072568,0.019311,0.001286,0.025442,0.000601,0.019174,0.002473,0.008146,0.058073,0.066116,0.00178,0.003022,0.000991,0.011575,0.001583,0.004587
79,AlCoCrCuFeNi0.5,3845,181.6364,146.0273,71.07273,0.300909,131.2545,65.18182,118.0909,7.526364,3.768182,5.255455,7.636364,1.818182,4.637273,1.754545,1.762364,1.634545,1.635455,3.976364,0.381348,0.248149,0.411907,0.158084,0.051448,0.232007,0.028535,0.15764,0.079266,0.114795,0.354354,0.3937,0.060192,0.092106,0.057753,0.176455,0.062212,0.105419,0.067753,0.042196,0.072039,0.016512,0.00138,0.040211,0.000622,0.019358,0.002383,0.009147,0.06661,0.075909,0.001111,0.003705,0.001223,0.020925,0.001859,0.003778
80,Al1.5CrCuFeNi,5089,168.1818,135.9818,65.45455,0.304545,132.8364,63.81818,118.8182,7.821818,3.745455,5.13,7.181818,1.909091,4.585455,1.718182,1.745364,1.630909,1.619091,3.89,0.446712,0.287495,0.480469,0.162899,0.055028,0.24747,0.032855,0.172619,0.084133,0.134435,0.423247,0.415133,0.064253,0.098702,0.063442,0.176947,0.070443,0.111446,0.086439,0.054457,0.100721,0.017465,0.001557,0.046087,0.00073,0.020109,0.002678,0.011022,0.090108,0.088642,0.00272,0.003985,0.00139,0.020738,0.002282,0.003976
81,Al2CrCuFeNi,5885,160,130.9167,62.18333,0.308333,133.7,62.66667,119.3333,8.003333,3.725,5.041667,6.833333,2,4.56,1.7,1.734333,1.631667,1.606667,3.848333,0.480492,0.313381,0.514688,0.159345,0.056559,0.248866,0.034438,0.178178,0.083016,0.143279,0.458251,0.408248,0.064572,0.101885,0.064664,0.169342,0.072644,0.113678,0.099609,0.059915,0.113419,0.016947,0.001634,0.047137,0.000731,0.019191,0.002703,0.01233,0.102419,0.041667,0.002761,0.004037,0.001393,0.019043,0.00234,0.004015
82,Al0.15CrFe1.5Ni0.5,3611,224.127,158.7079,88.48571,0.270635,130.4381,59.52381,116.9048,7.193651,3.65873,5.314444,7.444444,1.730159,4.592698,1.738095,1.756175,1.787619,1.623968,4.205873,0.212182,0.124156,0.243548,0.160708,0.040117,0.042633,0.018079,0.092042,0.066796,0.064015,0.224236,0.312466,0.053678,0.06985,0.050622,0.083097,0.043852,0.051311,0.020886,0.013163,0.025992,0.013497,0.000319,0.001207,0.0002,0.007239,0.002171,0.002386,0.016053,0.052678,0.002208,0.0014,0.000864,0.004443,0.00091,0.001644
83,AlCoCrCu0.5Ni,4179,182.8889,147.3111,71.93333,0.3,131.7556,62.44444,118.3333,7.565556,3.755556,5.202222,7.444444,1.888889,4.723333,1.744444,1.757333,1.702222,1.634444,4.014444,0.40225,0.276661,0.433067,0.169239,0.056683,0.203983,0.031368,0.175095,0.082893,0.124612,0.385757,0.390191,0.071113,0.101512,0.064896,0.149077,0.068805,0.108702,0.082722,0.052787,0.089114,0.019753,0.001576,0.032073,0.000704,0.022607,0.002263,0.010483,0.07084,0.076125,0.001931,0.00348,0.00119,0.014822,0.001892,0.005276
84,Al0.5CoCrCuFeNiV1.2,4973,181.7313,155.791,70.42388,0.310299,130.4657,65.8209,118.0448,7.41403,3.725373,5.328507,7.686567,1.776119,4.641791,1.756716,1.740672,1.748358,1.623134,4.293582,0.327807,0.170658,0.365092,0.159537,0.042999,0.199819,0.025705,0.125412,0.089521,0.087539,0.320418,0.31999,0.066192,0.085301,0.075063,0.196391,0.071431,0.13829,0.041249,0.019934,0.05967,0.015594,0.000649,0.031349,0.000259,0.008987,0.002416,0.004109,0.027494,0.033063,0.001789,0.001503,0.00245,0.021805,0.002022,0.010036
85,Al0.5CoCrCuFeNiV1.4,4988,180.1739,155.8551,69.73623,0.312029,130.5855,65.7971,118.1594,7.44029,3.713043,5.318406,7.608696,1.782609,4.631884,1.752174,1.734565,1.762029,1.618116,4.323043,0.329632,0.168114,0.367765,0.159597,0.042665,0.196985,0.02592,0.124828,0.09057,0.087122,0.324425,0.314877,0.066527,0.085599,0.076973,0.197203,0.072852,0.140973,0.041848,0.019368,0.0607,0.015489,0.00061,0.030508,0.000243,0.008461,0.002496,0.003929,0.028408,0.031641,0.001811,0.001422,0.002616,0.021713,0.002164,0.010561
86,Al0.5CoCrCuFeNiV1.6,5162,178.7042,155.9155,69.08732,0.313662,130.6986,65.77465,118.2676,7.46507,3.701408,5.308873,7.535211,1.788732,4.622535,1.747887,1.728803,1.77493,1.61338,4.350845,0.331171,0.165681,0.370088,0.159474,0.042329,0.194267,0.026089,0.124189,0.091449,0.086684,0.327983,0.31,0.066781,0.085809,0.078611,0.197658,0.074064,0.143095,0.042365,0.018833,0.061608,0.015364,0.000575,0.029711,0.000227,0.007981,0.002626,0.003762,0.029243,0.030328,0.001829,0.001488,0.002741,0.02158,0.002273,0.010941
87,Al0.5CoCrCuFeNiV1.8,5199,177.3151,155.9726,68.47397,0.315205,130.8055,65.75342,118.3699,7.488493,3.690411,5.299863,7.465753,1.794521,4.613699,1.743836,1.723356,1.787123,1.608904,4.377123,0.332455,0.16335,0.3721,0.1592,0.041994,0.191659,0.026217,0.123507,0.092182,0.086231,0.331141,0.305344,0.066966,0.085945,0.080019,0.197824,0.075098,0.144763,0.042808,0.018327,0.062407,0.015223,0.000543,0.028954,0.000231,0.007541,0.002724,0.003606,0.029997,0.029112,0.001842,0.001535,0.002856,0.021415,0.002354,0.011199
88,Al0.5CoCrCuFeNiV2,5093,176,156.0267,67.89333,0.316667,130.9067,65.73333,118.4667,7.510667,3.68,5.291333,7.4,1.8,4.605333,1.74,1.7182,1.798667,1.604667,4.402,0.333512,0.161115,0.373833,0.158804,0.041661,0.189153,0.026311,0.122792,0.09279,0.085765,0.333941,0.30089,0.06709,0.086015,0.081231,0.197754,0.075979,0.146059,0.043186,0.017848,0.063107,0.015069,0.000513,0.028235,0.000235,0.007137,0.002795,0.00346,0.030679,0.027984,0.001852,0.001568,0.002989,0.021224,0.002413,0.011345
89,Al0.682CoCrFeNiMn,4125,201.4678,149.6104,79.49109,0.282242,130.458,59.15171,117.4322,7.347765,3.702394,5.254442,7.399859,1.944034,4.60559,1.711193,1.763475,1.814234,1.628395,3.949662,0.279064,0.228707,0.300397,0.158271,0.046905,0.061055,0.025156,0.138815,0.064571,0.091632,0.283483,0.278387,0.081582,0.100057,0.052804,0.086152,0.053201,0.144073,0.051101,0.028842,0.053946,0.011397,0.001145,0.002872,0.000496,0.015639,0.001565,0.006095,0.04192,0.041356,0.002367,0.002207,0.000864,0.002568,0.001127,0.011706
90,Al0.5CrFe1.5Ni0.5Mn,3307,206.3333,143.6111,81.64444,0.271111,131.4222,58.88889,117.5556,7.446667,3.633333,5.198889,7,1.888889,4.458889,1.666667,1.743667,1.832222,1.606667,3.856667,0.276964,0.211116,0.299513,0.163293,0.042274,0.056855,0.023761,0.124595,0.05766,0.083776,0.26082,0.299942,0.065841,0.089443,0.04791,0.093433,0.044978,0.148921,0.048404,0.02232,0.051221,0.009673,0.000879,0.002531,0.000442,0.013026,0.001443,0.005231,0.031746,0.048827,0.00265,0.001867,0.000676,0.002685,0.00088,0.012223
91,Al0.2CoCrCuFeNiMnTiV,4258,161.1,135.34,62.69,0.3095,133.86,63.1,120.3,8.1,3.63,5.086,6.6,2,4.509,1.67,1.6906,1.763,1.571,4.056,0.403499,0.274699,0.432479,0.152996,0.057043,0.194025,0.043678,0.180452,0.088883,0.116145,0.413278,0.316228,0.070827,0.103888,0.090687,0.166186,0.086459,0.174546,0.060228,0.039459,0.065919,0.010335,0.000971,0.027155,0.000926,0.010931,0.002459,0.007974,0.059137,0.025,0.002021,0.001897,0.003318,0.015008,0.002548,0.009547
92,Al0.75CoCrCu0.25FeNiTi0.5,5548,189.4545,149.7909,74.33636,0.295909,131.9364,61.36364,118.9091,7.668636,3.690909,5.231364,7.272727,1.909091,4.670455,1.736364,1.733136,1.741818,1.609091,4.190909,0.343252,0.23878,0.367416,0.149634,0.059369,0.144222,0.043544,0.186556,0.084168,0.102752,0.347311,0.312259,0.068872,0.09597,0.085568,0.108622,0.080702,0.098592,0.053648,0.033523,0.057089,0.015252,0.001018,0.014462,0.001091,0.013407,0.001906,0.006652,0.045249,0.044321,0.001916,0.002283,0.003568,0.006542,0.002867,0.004898
93,AlCoCrFeNiTi0.5,6020,186.7273,146.9455,73.32727,0.296364,132.6364,59.27273,119.2727,7.8,3.659091,5.150909,6.909091,2,4.653636,1.718182,1.722364,1.767273,1.596364,4.186364,0.367518,0.265104,0.390446,0.151087,0.061182,0.084842,0.044522,0.192834,0.079852,0.111006,0.36748,0.301511,0.071301,0.098702,0.085945,0.070924,0.080898,0.100647,0.070132,0.041907,0.07486,0.015356,0.001036,0.004446,0.001014,0.013493,0.001963,0.008004,0.055055,0,0.00187,0.00252,0.003271,0.00315,0.00263,0.006502
94,AlCoCrFeNiTi,5404,180.8333,143.7333,71.01667,0.298333,133.7667,60,120.3333,8.036667,3.616667,5.123333,6.666667,2,4.626667,1.7,1.693833,1.775,1.573333,4.241667,0.37908,0.269868,0.400786,0.145359,0.06449,0.089753,0.051377,0.204077,0.086582,0.108333,0.384057,0.288675,0.071333,0.101885,0.100607,0.069134,0.092374,0.104475,0.060736,0.035756,0.065555,0.014481,0.001393,0.004583,0.001504,0.01581,0.002601,0.007045,0.04875,0,0.002007,0.00173,0.00561,0.002666,0.004309,0.006706
95,Al2Cr2Fe5.3Ni0.7,5097,195.63,144.251,76.55,0.2874,132.084,57.8,118.13,7.665,3.641,5.1176,6.74,2,4.5015,1.707,1.7382,1.7363,1.5977,4.0772,0.349441,0.241255,0.373588,0.156431,0.049836,0.070405,0.029969,0.153504,0.054183,0.106278,0.31447,0.316228,0.044013,0.078708,0.05185,0.077551,0.048955,0.08691,0.082445,0.043444,0.086521,0.014462,0.001241,0.003612,0.000676,0.017916,0.000978,0.00838,0.059171,0,0.001453,0.002155,0.000572,0.0046,0.001166,0.005675
96,AlCoCrFeNiMo0.1,5248,196.451,152.9647,77.07059,0.294314,131.451,58.72549,118.2157,7.552549,3.704902,5.219216,7.176471,1.980392,4.684314,1.741176,1.75098,1.761569,1.617647,4.172941,0.355987,0.270389,0.37788,0.155959,0.055194,0.084038,0.033053,0.169393,0.069035,0.121598,0.34322,0.32387,0.070019,0.092521,0.064029,0.073255,0.067058,0.12773,0.081175,0.050262,0.085387,0.01605,0.001483,0.004324,0.000645,0.020233,0.00177,0.009449,0.065882,0.051956,0.001932,0.00374,0.001064,0.003592,0.001596,0.00783
97,AlCoCrFeNiV0.2,4774,191.2692,151.0769,74.96923,0.296923,131.4077,58.65385,118.1538,7.546923,3.694231,5.176154,7.115385,2,4.671154,1.734615,1.747885,1.775769,1.617308,4.165769,0.355066,0.252039,0.381414,0.160643,0.054133,0.076822,0.030847,0.165692,0.071157,0.111945,0.347168,0.310087,0.071286,0.093153,0.064419,0.086513,0.063902,0.105613,0.076904,0.048428,0.081345,0.016376,0.001526,0.00418,0.000645,0.019979,0.00174,0.008767,0.061359,0,0.001778,0.003286,0.000974,0.003051,0.001558,0.006621
98,AlCoCrFeNiV0.8,5438,184.7241,151.7931,72.04483,0.304483,131.7379,59.31034,118.5517,7.626897,3.653448,5.155862,6.896552,2,4.632759,1.72069,1.725345,1.821724,1.6,4.284138,0.363403,0.237926,0.394348,0.165361,0.051658,0.078971,0.030741,0.158282,0.07564,0.107043,0.351781,0.29361,0.072298,0.092054,0.072784,0.109046,0.068955,0.126772,0.065323,0.043668,0.069295,0.016545,0.00124,0.004244,0.000506,0.016225,0.001911,0.007643,0.052125,0,0.002008,0.00247,0.001445,0.006395,0.001408,0.007909
99,AlCoCrFeNiV,5676,182.8333,152,71.2,0.306667,131.8333,59.5,118.6667,7.65,3.641667,5.15,6.833333,2,4.621667,1.716667,1.718833,1.835,1.595,4.318333,0.36526,0.233724,0.39749,0.165917,0.050902,0.079277,0.030642,0.156002,0.076616,0.105541,0.352606,0.288675,0.072416,0.091592,0.074672,0.113344,0.070073,0.130801,0.062007,0.042289,0.065818,0.016541,0.001166,0.004237,0.000469,0.015225,0.001948,0.007327,0.04997,0,0.002063,0.002262,0.001744,0.007058,0.001494,0.008776
100,Al0.5NbTiZrHf,2197,89.33333,114.4667,41.6,0.356667,151.7333,73.33333,137.2222,11.98444,3.188889,6.481111,4.111111,1.888889,4.16,1.455556,1.350333,1.808889,1.274444,5.956667,0.219294,0.278202,0.22729,0.080396,0.044191,0.129046,0.050813,0.132643,0.046617,0.261152,0.137811,0.299942,0.041697,0.073219,0.096294,0.07546,0.062017,0.215878,0.016225,0.052364,0.024573,0.003241,0.000457,0.010693,0.000759,0.004349,0.001025,0.037961,0.010226,0.048443,0.000776,0.002434,0.004308,0.003143,0.002346,0.020091
101,Al0.25NbTiVTa,3514,130,153.3647,48.36471,0.357059,143.5529,70.47059,130.1765,10.15059,3.276471,6.364118,4.647059,1.823529,4.294118,1.547059,1.426647,1.990588,1.340588,6.277059,0.260151,0.238811,0.262569,0.082504,0.035058,0.103492,0.038385,0.101901,0.025705,0.302502,0.126582,0.281219,0.006541,0.032263,0.058224,0.078783,0.061537,0.244984,0.043606,0.020011,0.043388,0.00338,0.000915,0.004674,0.000882,0.00764,0.000338,0.057572,0.006032,0.045786,2.44E-05,0.000221,0.001203,0.003033,0.001586,0.01426
102,Al0.5NbTiVTa,2490,126.6667,149.0222,47.13333,0.356667,143.5333,69.33333,129.8889,10.14222,3.288889,6.236667,4.555556,1.888889,4.293333,1.544444,1.437,1.971111,1.347778,6.116667,0.281247,0.267362,0.283129,0.080396,0.034079,0.122573,0.038485,0.09917,0.029355,0.311595,0.150352,0.299942,0.006402,0.032174,0.063546,0.087397,0.06342,0.267178,0.048735,0.02646,0.04869,0.003241,0.00086,0.008557,0.000761,0.007152,0.000455,0.06074,0.01084,0.048443,2.21E-05,0.000196,0.001588,0.003488,0.001658,0.019499
103,AlNbTiVTa,2483,121,141.64,45.04,0.356,143.5,67.4,129.4,10.128,3.31,6.02,4.4,2,4.292,1.54,1.4546,1.938,1.36,5.844,0.312655,0.309295,0.313766,0.076619,0.032345,0.147356,0.038361,0.094307,0.033642,0.324721,0.181818,0.316228,0.006147,0.031812,0.069746,0.098683,0.065437,0.299955,0.057373,0.041338,0.057517,0.002998,0.000768,0.013313,0.000573,0.006342,0.000657,0.065439,0.018595,0,1.85E-05,0.000169,0.002184,0.004729,0.00173,0.033596
104,MoNbTiZrHf,3579,139.2,147.74,59.94,0.348,150.24,76,136.8,11.662,3.21,6.822,4.6,1.6,4.236,1.52,1.348,1.852,1.26,6.386,0.69314,0.425808,0.561213,0.095132,0.050903,0.058252,0.047464,0.151781,0.047654,0.203668,0.173913,0.306186,0.057139,0.113188,0.078425,0.067215,0.032915,0.139551,0.366274,0.113292,0.239129,0.00436,0.000824,0.002181,0.000635,0.007159,0.001048,0.023427,0.017013,0.015625,0.001431,0.006752,0.003804,0.001844,0.00034,0.011556
105,MoNb0.5TiZrHf,2944,143,145.2333,62.43333,0.342222,150.6222,75.88889,137.1111,11.75444,3.2,6.835556,4.555556,1.666667,4.228889,1.511111,1.341111,1.832222,1.263333,6.254444,0.706236,0.453313,0.553727,0.086877,0.052915,0.061319,0.0494,0.156772,0.049411,0.214167,0.18252,0.282843,0.060096,0.118563,0.081488,0.062958,0.033583,0.134662,0.368114,0.138374,0.225114,0.003158,0.001034,0.002378,0.00072,0.008381,0.001302,0.025653,0.021284,0.026667,0.00168,0.00811,0.003998,0.001244,0.00037,0.011205
106,MoNb1.5TiZrHf,2900,136.0909,149.7909,57.9,0.352727,149.9273,76.09091,136.5455,11.58636,3.218182,6.810909,4.636364,1.545455,4.241818,1.527273,1.353636,1.868182,1.257273,6.493636,0.67983,0.402767,0.565043,0.099017,0.04908,0.055604,0.045721,0.147118,0.046029,0.194574,0.166378,0.32219,0.054578,0.108458,0.075619,0.069185,0.032191,0.140959,0.361367,0.095466,0.248379,0.004662,0.000741,0.002018,0.000602,0.006859,0.000862,0.021556,0.014051,0.018245,0.001245,0.00574,0.003652,0.002043,0.000367,0.011636
107,MoNbTi0.5ZrHf,3033,141.7778,152.1111,61.53333,0.351111,150.6889,76.88889,137.3333,11.77556,3.216667,7.044444,4.666667,1.555556,4.225556,1.522222,1.344444,1.851111,1.253333,6.556667,0.715041,0.426366,0.570405,0.095358,0.052661,0.048448,0.0483,0.155486,0.049698,0.182356,0.174964,0.319438,0.059871,0.119047,0.082463,0.070869,0.030556,0.117265,0.38384,0.111117,0.2391,0.004086,0.00102,0.001485,0.000687,0.008164,0.001122,0.020023,0.017007,0.019274,0.001677,0.007376,0.004109,0.002073,0.000237,0.007458
108,MoNbTi1.5ZrHf,2785,137.0909,144.1636,58.63636,0.345455,149.8727,75.27273,136.3636,11.56909,3.204545,6.64,4.545455,1.636364,4.244545,1.518182,1.350909,1.852727,1.265455,6.246364,0.672811,0.423394,0.551492,0.094297,0.049266,0.063861,0.046514,0.148073,0.045831,0.217527,0.172047,0.293972,0.054742,0.108117,0.074924,0.064074,0.034091,0.153303,0.349841,0.113854,0.23676,0.004488,0.000787,0.002544,0.000675,0.007418,0.001014,0.026173,0.0168,0.018519,0.001244,0.006226,0.003536,0.00166,0.000371,0.013629
109,MoNbTiZr0.5Hf,3045,147.1111,154.1778,62.71111,0.348889,149.1333,75.55556,135.8889,11.4,3.233333,6.863333,4.666667,1.555556,4.256667,1.533333,1.351111,1.868889,1.264444,6.401111,0.670101,0.409329,0.547891,0.099697,0.048695,0.058897,0.045687,0.146647,0.044342,0.21254,0.174964,0.319438,0.057938,0.115033,0.082155,0.064132,0.032738,0.146562,0.329772,0.104646,0.220939,0.004697,0.000779,0.00221,0.000749,0.00656,0.000903,0.024819,0.017007,0.019274,0.001537,0.006616,0.004387,0.001646,0.000292,0.01304
110,MoNbTiZr1.5Hf,2899,132.7273,142.4727,57.67273,0.347273,151.1455,76.36364,137.5455,11.87636,3.190909,6.788182,4.545455,1.636364,4.219091,1.509091,1.345455,1.838182,1.256364,6.373636,0.710061,0.436933,0.569858,0.091136,0.051829,0.057291,0.048162,0.15314,0.049469,0.195792,0.172047,0.293972,0.056147,0.111079,0.075155,0.068806,0.032778,0.133455,0.394704,0.119327,0.25207,0.004072,0.000838,0.002168,0.00068,0.007474,0.001169,0.022166,0.0168,0.018519,0.001415,0.00675,0.003357,0.001954,0.000386,0.010371
111,MoNbTiZrHf0.5,3366,146,152.0444,60.37778,0.345556,149.3778,75.55556,136,11.46444,3.216667,6.562222,4.666667,1.555556,4.273333,1.544444,1.368889,1.865556,1.263333,6.38,0.680855,0.426846,0.586834,0.098478,0.050785,0.058897,0.046762,0.153354,0.049698,0.184769,0.174964,0.319438,0.052927,0.106222,0.065561,0.066477,0.033583,0.147208,0.339745,0.111331,0.258729,0.005459,0.0011,0.00221,0.000925,0.010362,0.001122,0.017347,0.017007,0.019274,0.00129,0.0059,0.002573,0.001748,0.00037,0.01277
112,MoNbTiZrHf1.5,2811,133.6364,144.2182,59.58182,0.35,150.9455,76.36364,137.4545,11.82364,3.204545,7.034545,4.545455,1.636364,4.205455,1.5,1.330909,1.840909,1.257273,6.390909,0.700873,0.423014,0.538648,0.091979,0.050517,0.057291,0.04749,0.149142,0.045831,0.211174,0.172047,0.293972,0.059489,0.117207,0.085935,0.067229,0.032191,0.132976,0.385409,0.113682,0.222236,0.003562,0.000819,0.002168,0.000573,0.006482,0.001014,0.024887,0.0168,0.018519,0.001508,0.006465,0.004485,0.001899,0.000367,0.010554
113,Mo0.5NbTiZrHf0.5,2715,123.125,138.4,52.225,0.35,150.55,75.625,136.875,11.725,3.1875,6.51,4.5,1.625,4.2325,1.5125,1.35625,1.85625,1.25875,6.325,0.650107,0.399882,0.546344,0.095831,0.048072,0.062352,0.045396,0.144395,0.045565,0.196078,0.157135,0.297922,0.048733,0.096024,0.064378,0.069249,0.03404,0.155319,0.348645,0.092768,0.246092,0.004898,0.000872,0.002533,0.000771,0.008121,0.000848,0.020692,0.012346,0.030325,0.000879,0.004499,0.002541,0.002189,0.000527,0.013561
114,Mo1.5NbTiZrHf,3214,156.4545,158.0545,65.90909,0.344545,149.3091,75.90909,136.0909,11.45455,3.231818,6.836364,4.727273,1.545455,4.269091,1.545455,1.359091,1.86,1.263636,6.425455,0.683643,0.431979,0.564654,0.096946,0.052666,0.055737,0.048383,0.158078,0.049925,0.193896,0.182439,0.32219,0.059355,0.118234,0.078526,0.065245,0.032589,0.133657,0.319554,0.115057,0.219584,0.004678,0.001009,0.001936,0.000736,0.00858,0.001162,0.020933,0.019164,0.018245,0.001629,0.007241,0.003859,0.001014,0.000233,0.01093
115,Mo0.25NbTiZrHfTa,2692,121,140.781,52.32381,0.351905,151.0286,76.33333,137.381,11.83333,3.192857,7.315238,4.47619,1.761905,4.186667,1.47619,1.329048,1.85619,1.267619,6.650476,0.509839,0.34293,0.39174,0.082088,0.043159,0.056504,0.041571,0.129167,0.038748,0.23632,0.131158,0.241737,0.044346,0.083373,0.068012,0.066222,0.037708,0.166022,0.140389,0.026466,0.092451,0.00334,0.000553,0.002256,0.00047,0.005189,0.000661,0.022062,0.003363,0.03214,0.000849,0.002664,0.003073,0.001669,0.00043,0.01393
116,Mo0.5NbTiZrHfTa,3510,130.4545,146.2545,55.65455,0.35,150.5273,76.27273,137,11.72182,3.204545,7.3,4.545455,1.727273,4.205455,1.490909,1.335455,1.86,1.269091,6.658182,0.569,0.365272,0.452427,0.084406,0.044975,0.055369,0.042675,0.134651,0.041257,0.231566,0.144222,0.257841,0.047745,0.092474,0.069688,0.065245,0.03718,0.162104,0.208344,0.051238,0.143583,0.003562,0.000639,0.002122,0.000533,0.005983,0.000688,0.02081,0.007491,0.027701,0.000939,0.003901,0.003136,0.001351,0.000365,0.013356
117,Mo0.75NbTiZrHfTa,3614,139.087,151.2522,58.69565,0.348261,150.0696,76.21739,136.6522,11.62,3.215217,7.286087,4.608696,1.695652,4.222609,1.504348,1.341304,1.863478,1.270435,6.665217,0.597646,0.378612,0.484856,0.086206,0.046382,0.054298,0.043513,0.139057,0.043124,0.227085,0.153284,0.271359,0.050258,0.098944,0.070875,0.064291,0.036662,0.158451,0.23839,0.066165,0.169102,0.003741,0.00071,0.002003,0.000583,0.006655,0.000708,0.019693,0.010634,0.023669,0.001035,0.005037,0.003177,0.001388,0.000312,0.012829
118,NbTiZrHf,1136,91.75,119.375,43.525,0.3575,152.8,76.25,138.75,12.2325,3.15,6.7825,4.25,1.75,4.145,1.45,1.3175,1.83,1.25,6.2775,0.212237,0.254642,0.188379,0.084786,0.041567,0.064499,0.041831,0.123684,0.033672,0.228663,0.101885,0.247436,0.043039,0.077106,0.07327,0.071143,0.032496,0.153942,0.01225,0.043608,0.019969,0.003228,0.000297,0.002902,0.000299,0.002902,1.95E-18,0.030682,0.00692,0.040816,0.000742,0.002378,0.003572,0.002919,0.00072,0.012923
119,MoTiZrHfTa,4110,155.4,152.94,66.28,0.336,150.22,76,136.8,11.666,3.21,7.388,4.6,1.8,4.226,1.5,1.334,1.834,1.28,6.492,0.618934,0.428774,0.478974,0.061284,0.05097,0.058252,0.047464,0.151569,0.047654,0.237308,0.173913,0.222222,0.056843,0.111555,0.075797,0.055563,0.035971,0.160828,0.241835,0.084137,0.159814,0.00202,0.000816,0.002181,0.000635,0.007165,0.001048,0.023554,0.017013,0.037037,0.00156,0.007111,0.003399,0.001027,0.000391,0.012782
120,Nb0.5TiV0.5ZrHf,2154,94.625,117.8375,44.675,0.35375,151.275,74.75,137.25,11.91875,3.15,6.5675,4.25,1.875,4.145,1.45,1.3325,1.85375,1.2775,5.995,0.239415,0.237613,0.17714,0.074708,0.057218,0.082127,0.058145,0.164802,0.033672,0.253162,0.101885,0.176383,0.043039,0.077106,0.08774,0.094053,0.059839,0.145633,0.01829,0.02337,0.015958,0.002012,0.001409,0.002013,0.001473,0.010353,0.000283,0.038905,0.003028,0.026667,0.000742,0.002378,0.004168,0.004877,0.002106,0.008667
121,Nb2TiVZr2Hf,1975,95.42857,127.9429,41.9,0.362857,150.4,75.28571,136.5714,11.72857,3.171429,6.465714,4.428571,1.714286,4.175714,1.485714,1.361429,1.895714,1.271429,6.32,0.233504,0.266567,0.173393,0.078937,0.058562,0.076374,0.058297,0.170062,0.039398,0.204892,0.111745,0.263523,0.038164,0.075712,0.07728,0.099003,0.062841,0.150467,0.020729,0.028183,0.015064,0.002938,0.001465,0.002518,0.001525,0.010835,0.000828,0.024804,0.003419,0.045635,0.000496,0.002219,0.003101,0.00413,0.002666,0.011142
122,Mo0.5Nb0.5TiZrHf,2532,119.75,130.7375,54.5375,0.34625,151.95,76,138.125,12.05125,3.16875,6.8175,4.375,1.75,4.1825,1.475,1.325,1.81875,1.25875,6.18375,0.678889,0.417903,0.513229,0.084124,0.049071,0.064795,0.04712,0.144379,0.043883,0.227622,0.159079,0.247436,0.055195,0.105847,0.079514,0.063495,0.03404,0.140333,0.381426,0.117563,0.212047,0.002931,0.00063,0.002748,0.000508,0.005388,0.000976,0.029478,0.015408,0.017857,0.001147,0.005997,0.003873,0.001558,0.000527,0.011601
123,Nb0.5TiZrHfTa0.5,1143,101.875,122.625,47.4875,0.35,152.7875,76.25,138.75,12.235,3.15,7.13625,4.25,1.875,4.13875,1.4375,1.30875,1.81875,1.2625,6.34375,0.362674,0.29729,0.239535,0.074231,0.041648,0.064499,0.041831,0.123471,0.033672,0.251568,0.101885,0.176383,0.041962,0.06902,0.069343,0.063495,0.037519,0.168002,0.085119,0.042036,0.025737,0.002449,0.000396,0.002915,0.000445,0.003719,0.000283,0.02587,0.003028,0.026667,0.000742,0.002117,0.003211,0.001558,0.000436,0.013807
124,MoNbTiZrHfTa,3728,147,155.8333,61.48333,0.346667,149.65,76.16667,136.3333,11.52667,3.225,7.273333,4.666667,1.666667,4.238333,1.516667,1.346667,1.866667,1.271667,6.671667,0.610807,0.386385,0.502599,0.0876,0.047477,0.053286,0.044145,0.14262,0.044531,0.222853,0.159719,0.282843,0.052146,0.10367,0.071697,0.063361,0.036155,0.155034,0.248068,0.07476,0.179923,0.003883,0.000768,0.001896,0.000625,0.007224,0.000721,0.018691,0.012755,0.02,0.001212,0.005796,0.003198,0.001327,0.000268,0.012343
125,NbTiVTa,2162,133.75,158.25,49.75,0.3575,143.575,71.75,130.5,10.16,3.2625,6.5075,4.75,1.75,4.295,1.55,1.415,2.0125,1.3325,6.4575,0.2336,0.201769,0.236745,0.084786,0.036125,0.074649,0.038122,0.10487,0.019909,0.291095,0.091161,0.247436,0.006688,0.032258,0.050097,0.066607,0.058704,0.216751,0.037691,0.024807,0.037272,0.003228,0.000893,0.00153,0.001028,0.007642,0.000264,0.053713,0.00554,0.040816,2.71E-05,2.01E-18,0.001648,0.002639,0.001943,0.008754
126,MoNbTiZr,4095,154.5,157.425,60.925,0.3425,148.3,75,135,11.2175,3.225,6.2375,4.75,1.5,4.32,1.575,1.395,1.8825,1.2675,6.3725,0.662166,0.425073,0.616252,0.101929,0.049684,0.058878,0.044752,0.152556,0.052002,0.134604,0.174559,0.333333,0.045094,0.093906,0.038769,0.064447,0.034106,0.156281,0.30339,0.106965,0.265905,0.007033,0.001584,0.002,0.001358,0.015306,0.001082,0.012621,0.01662,0,0.001049,0.005039,0.000694,0.002314,0.000265,0.014178
127,MoNbTiV0.25Zr,4739,152.9412,157.4588,60.08824,0.344118,147.4941,74.41176,134.2353,11.04706,3.229412,6.163529,4.764706,1.529412,4.318824,1.576471,1.402941,1.902353,1.278235,6.31,0.650223,0.412294,0.608731,0.100201,0.053164,0.065684,0.049252,0.162462,0.050676,0.140602,0.169275,0.326357,0.043773,0.091094,0.043719,0.074635,0.046958,0.158159,0.310237,0.102135,0.276766,0.006171,0.001741,0.001732,0.001512,0.01695,0.001159,0.010672,0.015672,0.022624,0.000996,0.004717,0.000816,0.00257,0.000994,0.012575
128,MoNbTiV0.5Zr,4365,151.5556,157.4889,59.34444,0.345556,146.7778,73.88889,133.5556,10.89556,3.233333,6.097778,4.777778,1.555556,4.317778,1.577778,1.41,1.92,1.287778,6.254444,0.638793,0.400602,0.60122,0.098478,0.055682,0.070597,0.052485,0.170037,0.049442,0.145093,0.164443,0.319438,0.042562,0.08852,0.047044,0.081246,0.054637,0.159335,0.301943,0.096368,0.271951,0.005459,0.001858,0.001558,0.001629,0.018266,0.00111,0.009016,0.014302,0.019274,0.000948,0.004386,0.000805,0.002894,0.001743,0.011205
129,MoNbTiV0.75Zr,4566,150.3158,157.5158,58.67895,0.346842,146.1368,73.42105,132.9474,10.76,3.236842,6.038947,4.789474,1.578947,4.316842,1.578947,1.416316,1.935789,1.296316,6.204737,0.62786,0.389851,0.593774,0.096784,0.057527,0.074248,0.054867,0.175904,0.04829,0.148468,0.160002,0.312694,0.041446,0.086152,0.049356,0.085728,0.059765,0.15998,0.294008,0.091217,0.267241,0.004863,0.00195,0.00198,0.00172,0.019316,0.001067,0.007602,0.013144,0.017076,0.000904,0.004098,0.001013,0.003403,0.002218,0.010182
130,MoNbTiVZr,4831,149.2,157.54,58.08,0.348,145.56,73,132.4,10.638,3.24,5.986,4.8,1.6,4.316,1.58,1.422,1.95,1.304,6.16,0.6174,0.379922,0.586433,0.095132,0.058883,0.077005,0.056641,0.180478,0.047213,0.150994,0.155902,0.306186,0.040414,0.083965,0.050983,0.088823,0.063349,0.16022,0.286412,0.086589,0.262619,0.00436,0.002019,0.002252,0.001809,0.020214,0.001029,0.006387,0.012153,0.015625,0.000864,0.003846,0.001139,0.003829,0.002505,0.010436
131,HfNbTaTiZr,2121,110.6,134.76,48.66,0.354,151.58,76.4,137.8,11.956,3.18,7.332,4.4,1.8,4.166,1.46,1.322,1.852,1.266,6.642,0.375486,0.304698,0.259342,0.079096,0.040788,0.05771,0.040117,0.122271,0.035299,0.241375,0.11134,0.222222,0.039606,0.06985,0.065666,0.067215,0.038242,0.170238,0.092476,0.0344,0.034845,0.003064,0.000448,0.002405,0.000394,0.004249,0.000623,0.02199,0.002066,0.037037,0.000734,0.002252,0.003003,0.001844,0.000349,0.014373
132,MoNbTiVTaW,3545,212.5,200.8667,80.86667,0.336667,142.5167,72.83333,130.1667,9.915,3.475,7.143333,5.166667,1.666667,4.388333,1.616667,1.433333,1.963333,1.338333,6.925,0.549083,0.334657,0.570858,0.11715,0.031558,0.063622,0.031494,0.094481,0.115333,0.276006,0.133003,0.282843,0.030726,0.066012,0.044247,0.06963,0.052732,0.209446,0.142837,0.050018,0.158559,0.005882,0.00049,0.00178,0.000656,0.003977,0.010558,0.023841,0.008325,0.02,0.000358,0.002126,0.000714,0.002825,0.001154,0.014926
133,Mo0.3NbTiVZr,3268,119.9302,140.6651,47.08837,0.354186,146.4651,72.67442,132.9535,10.84279,3.205814,5.824186,4.604651,1.697674,4.269767,1.544186,1.414186,1.951628,1.304651,6.052558,0.510422,0.328216,0.468155,0.089331,0.060903,0.082545,0.059798,0.184145,0.04284,0.149969,0.133624,0.270526,0.033212,0.06885,0.053272,0.095675,0.068264,0.169315,0.211771,0.047696,0.193936,0.003518,0.002044,0.002522,0.001897,0.019968,0.000888,0.004228,0.004692,0.031901,0.000604,0.001837,0.001558,0.004395,0.002886,0.01437
134,Mo0.5NbTiVZr,3853,129.2222,146.0222,50.57778,0.352222,146.1778,72.77778,132.7778,10.77778,3.216667,5.875556,4.666667,1.666667,4.284444,1.555556,1.416667,1.951111,1.304444,6.086667,0.570617,0.352791,0.532787,0.091537,0.060344,0.080844,0.058852,0.183239,0.044572,0.150865,0.142857,0.282843,0.036043,0.074915,0.052613,0.093557,0.066745,0.166621,0.265549,0.067633,0.243159,0.003821,0.002045,0.002434,0.001875,0.020105,0.000913,0.005048,0.007937,0.026667,0.000662,0.002562,0.001417,0.004217,0.002766,0.013038
135,Mo0.7NbTiVZr,4602,137.7234,150.9234,53.77021,0.350426,145.9149,72.87234,132.617,10.7183,3.226596,5.922553,4.723404,1.638298,4.297872,1.565957,1.418936,1.950638,1.304255,6.117872,0.600149,0.367804,0.565492,0.093255,0.059766,0.079242,0.057942,0.182205,0.045864,0.151209,0.149398,0.293288,0.038154,0.079341,0.051956,0.091574,0.065322,0.164,0.286221,0.079048,0.262104,0.00407,0.002038,0.002356,0.00185,0.020178,0.000939,0.005686,0.01015,0.021926,0.000736,0.003226,0.001295,0.004053,0.002655,0.011888
136,Mo1.3NbTiVZr,3852,159.3774,163.4075,61.90189,0.345849,145.2453,73.11321,132.2075,10.56679,3.251887,6.042264,4.867925,1.566038,4.332075,1.592453,1.424717,1.949434,1.303774,6.197358,0.618957,0.384781,0.590885,0.096379,0.057995,0.074945,0.055415,0.178608,0.048065,0.150184,0.15981,0.31648,0.041939,0.086987,0.050034,0.086306,0.061545,0.156627,0.270519,0.087642,0.248345,0.004572,0.001992,0.00216,0.001766,0.020141,0.001091,0.006861,0.013127,0.017556,0.000938,0.004162,0.00101,0.003629,0.002371,0.009242
137,NbTiV0.3Zr,1840,99.21212,126.0303,40.03333,0.354848,149.5697,74.09091,135.6364,11.51091,3.163636,5.898182,4.393939,1.69697,4.233333,1.509091,1.384545,1.895758,1.274242,6.140303,0.21761,0.272418,0.119933,0.092332,0.051952,0.076232,0.051234,0.155495,0.039348,0.143463,0.111204,0.270817,0.028706,0.054992,0.042043,0.086706,0.055088,0.177675,0.028961,0.03154,0.004646,0.00474,0.001427,0.001581,0.0014,0.013338,0.000805,0.007923,0.004036,0.048218,0.000546,0.001573,0.001,0.003123,0.001364,0.016332
138,Mo0.1NbTiV0.3Zr,2043,105.9706,130.0059,42.55,0.353529,149.2882,74.11765,135.4412,11.44824,3.172059,5.93,4.441176,1.676471,4.244118,1.517647,1.387059,1.897059,1.275,6.160294,0.417747,0.313928,0.357492,0.093785,0.052411,0.075104,0.051221,0.157208,0.041562,0.143918,0.124426,0.279052,0.031762,0.062858,0.042635,0.085453,0.054347,0.175468,0.130254,0.025861,0.111208,0.00489,0.00149,0.002,0.001432,0.013985,0.000851,0.009383,0.00326,0.044602,0.0006,0.001728,0.000929,0.003159,0.001651,0.01534
139,Mo0.3NbTiV0.3Zr,3273,118.3611,137.2944,47.16389,0.351111,148.7722,74.16667,135.0833,11.33333,3.1875,5.988333,4.527778,1.638889,4.263889,1.533333,1.391667,1.899444,1.276389,6.196944,0.564283,0.362444,0.510815,0.096064,0.053074,0.07299,0.051091,0.159888,0.044884,0.144207,0.142432,0.293078,0.036187,0.073721,0.043495,0.083103,0.052949,0.17126,0.263813,0.065977,0.230471,0.005144,0.00159,0.00191,0.001479,0.015062,0.000923,0.008923,0.007904,0.038168,0.000693,0.002389,0.000804,0.003025,0.001513,0.013617
140,Mo0.5NbTiV0.3Zr,3212,129.4474,143.8158,51.29211,0.348947,148.3105,74.21053,134.7632,11.23053,3.201316,6.040526,4.605263,1.605263,4.281579,1.547368,1.395789,1.901579,1.277632,6.229737,0.619858,0.387856,0.57062,0.097691,0.053475,0.071046,0.050856,0.16178,0.047195,0.143896,0.153862,0.304495,0.039212,0.080849,0.044031,0.080936,0.051652,0.167312,0.312681,0.08689,0.275524,0.00546,0.001664,0.001828,0.00151,0.015901,0.000973,0.009535,0.011489,0.032638,0.000768,0.003416,0.000749,0.002903,0.001397,0.012906
141,Mo0.7NbTiV0.3Zr,3637,139.425,149.685,55.0075,0.347,147.895,74.25,134.475,11.138,3.21375,6.0875,4.675,1.575,4.2975,1.56,1.3995,1.9035,1.27875,6.25925,0.641828,0.401416,0.596349,0.098827,0.053683,0.069249,0.050545,0.163065,0.048827,0.143177,0.161405,0.313869,0.04136,0.085763,0.044335,0.07893,0.050444,0.163603,0.32303,0.096897,0.286501,0.00573,0.001717,0.001754,0.001528,0.016547,0.001052,0.009952,0.013695,0.02786,0.000867,0.004093,0.000793,0.002793,0.001297,0.012672
142,MoNbTiV0.3Zr,3670,152.6512,157.4651,59.93256,0.344419,147.3442,74.30233,134.093,11.01535,3.230233,6.149767,4.767442,1.534884,4.318605,1.576744,1.404419,1.906047,1.280233,6.298372,0.647896,0.409873,0.607226,0.099855,0.053733,0.066792,0.049983,0.16414,0.050422,0.141606,0.168275,0.324964,0.043523,0.090561,0.044488,0.076181,0.04878,0.158444,0.308548,0.100927,0.275793,0.006018,0.001767,0.001653,0.001538,0.017237,0.001149,0.010319,0.015378,0.021836,0.000986,0.004647,0.000837,0.002644,0.001171,0.012284
143,Mo1.3NbTiV0.3Zr,4135,164.1522,164.2304,64.21522,0.342174,146.8652,74.34783,133.7609,10.9087,3.244565,6.203913,4.847826,1.5,4.336957,1.591304,1.408696,1.908261,1.281522,6.332391,0.640074,0.41072,0.603314,0.100301,0.053563,0.06458,0.049349,0.164468,0.051335,0.13968,0.171872,0.333333,0.04486,0.093417,0.044396,0.073701,0.047269,0.153719,0.281846,0.098432,0.253393,0.0062,0.001792,0.001563,0.001534,0.017673,0.001216,0.010475,0.015899,0.024155,0.001039,0.004859,0.000862,0.002511,0.001068,0.011877
144,Mo1.5NbTiV0.3Zr,4030,171.0208,168.2708,66.77292,0.340833,146.5792,74.375,133.5625,10.845,3.253125,6.23625,4.895833,1.479167,4.347917,1.6,1.41125,1.909583,1.282292,6.352708,0.631522,0.408965,0.596956,0.100364,0.053365,0.063221,0.048903,0.164382,0.051686,0.138284,0.173114,0.337735,0.045442,0.094614,0.044243,0.072175,0.046335,0.150783,0.262701,0.095279,0.236903,0.006277,0.001798,0.001509,0.001526,0.017856,0.001248,0.0105,0.015867,0.025045,0.001047,0.004069,0.000871,0.00243,0.001009,0.011603
145,NbTiVZr,2696,104.25,131.625,41.2,0.3575,146.95,72.5,133.25,10.9525,3.1875,5.7375,4.5,1.75,4.245,1.525,1.41,1.9525,1.305,5.995,0.215387,0.254259,0.12241,0.084786,0.061685,0.085306,0.061285,0.18517,0.039019,0.147111,0.111111,0.247436,0.026678,0.054371,0.054245,0.099139,0.070752,0.173468,0.030215,0.017459,0.003645,0.003228,0.002032,0.001712,0.001936,0.019579,0.00083,0.00318,0,0.040816,0.000486,0.001612,0.001698,0.004299,0.003053,0.016803
146,MoNbVTa,3856,187,196.45,69.75,0.355,142.025,73.5,129.75,9.845,3.3375,7.0475,5.25,1.5,4.3625,1.625,1.4375,2.0325,1.3275,6.95,0.465962,0.202894,0.490968,0.094482,0.035883,0.067686,0.037904,0.108,0.019461,0.23058,0.082479,0.333333,0.031778,0.06706,0.049036,0.056245,0.05988,0.151137,0.144149,0.027159,0.160271,0.003571,0.000632,0.003239,0.000884,0.005441,0.000252,0.030998,0.004535,0,0.00069,0.00284,0.001059,0.002127,0.002128,0.013833
147,NbVTaW,3264,207.5,208.9,78.5,0.3475,142.225,73.5,130,9.8675,3.5625,7.765,5.25,1.75,4.35,1.6,1.4375,1.995,1.3525,7.47,0.583814,0.289839,0.62144,0.127685,0.035353,0.067686,0.037684,0.106825,0.127625,0.260391,0.082479,0.247436,0.026956,0.044194,0.049036,0.078017,0.061054,0.178571,0.23777,0.05881,0.269947,0.009316,0.000693,0.003239,0.00071,0.005743,0.010859,0.027457,0.004535,0.040816,0.000495,0,0.001059,0.003103,0.001982,0.020858
148,NbTiVTaW,2931,189.2,188.8,71.92,0.342,143.02,72.4,130.4,10.022,3.48,7.176,5,1.8,4.346,1.58,1.426,1.968,1.346,6.946,0.604476,0.35723,0.63368,0.120417,0.033352,0.068562,0.034158,0.098998,0.12611,0.300767,0.126491,0.222222,0.024203,0.047363,0.047063,0.075873,0.055716,0.228623,0.274802,0.08347,0.30379,0.006566,0.000645,0.001831,0.000828,0.005161,0.011965,0.026891,0,0.037037,0.000438,0.001122,0.001039,0.003239,0.001457,0.016597
149,Cr0.5MoNbVTaW,5120,236.0909,213.9636,90.40909,0.328182,141.2545,72.72727,128.7273,9.539091,3.522727,7.382727,5.454545,1.545455,4.409091,1.636364,1.462727,1.985455,1.361818,7.045455,0.483018,0.270721,0.508725,0.167813,0.033106,0.075104,0.041911,0.122964,0.11182,0.255941,0.091287,0.32219,0.032009,0.059835,0.058309,0.067722,0.070767,0.211627,0.096791,0.036157,0.1027,0.011553,0.000402,0.001875,0.00063,0.005317,0.00995,0.019766,0.000909,0.011324,0.000302,0.001773,0.001486,0.002532,0.001826,0.015703
150,CrMoNbVTaW,5443,239.6667,209.4667,92.48333,0.318333,140.8167,71.83333,127.8333,9.346667,3.508333,7.195,5.5,1.5,4.416667,1.633333,1.478333,1.986667,1.378333,6.8,0.458235,0.274168,0.481918,0.194846,0.033426,0.083688,0.046591,0.138199,0.108356,0.265913,0.090909,0.333333,0.031118,0.057723,0.065399,0.064831,0.07785,0.241668,0.080687,0.038501,0.080268,0.019188,0.000325,0.002799,0.000972,0.008545,0.009546,0.022545,0,0,0.000228,0.001666,0.002242,0.002292,0.002854,0.026275
151,HfNbTaTiVZr,4398,113.5,138.6333,48.33333,0.356667,148.75,74.5,135.1667,11.35,3.2,6.94,4.5,1.833333,4.188333,1.483333,1.356667,1.913333,1.296667,6.42,0.338864,0.277503,0.238825,0.073589,0.057004,0.078555,0.057373,0.167565,0.034939,0.264846,0.111111,0.203279,0.037887,0.071945,0.081711,0.093087,0.062916,0.178406,0.067923,0.025585,0.030874,0.002227,0.00148,0.002522,0.001569,0.011555,0.00061,0.023014,0,0.033058,0.000754,0.002525,0.003477,0.004249,0.002277,0.011411
152,Al0.5CrNbTi2V0.5,3158,143,132.74,56.09,0.322,142.82,66.5,127.9,9.7,3.27,5.199,4.6,1.7,4.35,1.55,1.4783,1.936,1.378,5.144,0.486253,0.245579,0.538543,0.197297,0.034167,0.110963,0.048254,0.146828,0.034327,0.154028,0.199242,0.376654,0.017658,0.032258,0.07646,0.076132,0.084989,0.256438,0.179799,0.015169,0.220066,0.024181,0.000455,0.006105,0.001147,0.012873,0.00053,0.016635,0.017769,0.055363,0.000229,0.000312,0.002576,0.002119,0.003216,0.04438
153,AlNbTiTa,3660,119.25,137.55,44.625,0.3525,145.725,68,131.25,10.58,3.3125,6.28,4.25,2,4.29,1.525,1.43575,1.8675,1.3375,5.9775,0.353167,0.349822,0.353453,0.083616,0.010125,0.162099,0.028188,0.032585,0.037547,0.335479,0.195096,0.353553,0.006796,0.028394,0.073345,0.077355,0.064181,0.324044,0.078144,0.04014,0.075698,0.004527,7.24E-05,0.013138,0.000559,0.000743,0.000797,0.065837,0.020761,0,2.04E-05,0.000537,0.00373,0.003706,0.002446,0.03795
154,MoNbTiTa,3055,184,184.05,69.475,0.3425,144.925,74.25,132.25,10.425,3.3,7.0075,5,1.5,4.37,1.6,1.4,1.9425,1.295,6.835,0.485296,0.29777,0.495616,0.101929,0.019683,0.049827,0.015473,0.058405,0.032141,0.239253,0.141421,0.333333,0.031083,0.076547,0.033882,0.030968,0.030155,0.180391,0.155224,0.04282,0.163149,0.007033,0.000269,0.001746,0.00015,0.002406,4.99E-18,0.032391,0,0,0.000672,0.00293,0.000612,0.000507,0.000626,0.021084
155,NbTiTaW,2747,204.5,196.5,78.225,0.335,145.125,74.25,132.5,10.4475,3.525,7.725,5,1.75,4.3575,1.575,1.4,1.905,1.32,7.355,0.602465,0.373607,0.625942,0.129258,0.017277,0.049827,0.012516,0.054585,0.136237,0.268926,0.141421,0.247436,0.026335,0.052645,0.033882,0.047025,0.045769,0.206905,0.252868,0.084884,0.273902,0.009356,0.000208,0.001746,8.54E-05,0.002104,0.012675,0.030952,0,0.040816,0.000478,0.001512,0.000612,0.000992,0.001148,0.028786
156,HfNbTiTa,1418,121.25,146,52.075,0.3575,149.425,75.5,136,11.44,3.225,7.5525,4.5,1.75,4.195,1.475,1.3225,1.89,1.2775,6.74,0.328729,0.263127,0.227827,0.084786,0.033167,0.059603,0.034488,0.101189,0.023256,0.253722,0.111111,0.247436,0.041168,0.07388,0.073384,0.058321,0.037285,0.184726,0.070826,0.022748,0.025616,0.003228,0.000746,0.002368,0.000811,0.006976,2.98E-18,0.02954,0,0.040816,0.001193,0.003447,0.003731,0.001729,0.000146,0.019163
157,CrNbTiTa,3800,171.5,158.75,66.9,0.3175,143.925,71,129.5,9.8875,3.275,6.545,5,1.5,4.345,1.55,1.445,1.9575,1.36,6.155,0.404702,0.201183,0.452516,0.216356,0.03183,0.089633,0.051657,0.155398,0.022901,0.284942,0.141421,0.333333,0.021621,0.032258,0.083691,0.033181,0.089603,0.278,0.096439,0.025133,0.130556,0.028644,0.000696,0.003571,0.001878,0.016612,0.00035,0.051861,0,0,0.000315,2.01E-18,0.004885,0.0006,0.005285,0.01663
158,CrMoTiTa,5072,227.5,181.475,88.925,0.295,142.225,70.5,128.25,9.525,3.3125,6.615,5.25,1.5,4.42,1.6,1.46,1.935,1.3775,5.9675,0.361864,0.306521,0.368999,0.170337,0.031351,0.084215,0.048184,0.151113,0.03268,0.283398,0.157935,0.333333,0.031145,0.076547,0.081763,0.02571,0.076892,0.2651,0.051733,0.046581,0.047042,0.020109,0.000418,0.00332,0.001588,0.014456,0.000598,0.047785,0.013605,0,0.000333,0.00293,0.004222,0.000374,0.004091,0.026823
159,AlMoNbTi,3997,155,153.775,58.725,0.345,144.05,67.5,130,10.2125,3.35,5.6425,4.5,1.75,4.3775,1.6,1.46825,1.8675,1.33,5.6575,0.657321,0.460362,0.667863,0.101449,0.018792,0.157658,0.026086,0.055871,0.040875,0.218076,0.248452,0.473804,0.029626,0.076547,0.061048,0.077355,0.065763,0.290477,0.29922,0.119118,0.311718,0.006301,0.000189,0.01679,0.000355,0.001553,0.000835,0.014105,0.024691,0.122449,0.000616,0.00293,0.002429,0.003706,0.002756,0.035066
160,NbTiZrHfTa,1869,106.625,122.55,46.1875,0.34375,151.3125,74.75,137.25,11.885,3.15,6.59375,4.25,1.875,4.1925,1.4625,1.33625,1.835,1.27375,6.145,0.337662,0.297705,0.236269,0.076881,0.041977,0.071653,0.042288,0.127496,0.033672,0.266475,0.101885,0.176383,0.037501,0.058595,0.05473,0.060439,0.038449,0.19076,0.069243,0.043742,0.03097,0.003332,0.000751,0.002945,0.000727,0.00712,0.000283,0.027104,0.00346,0.026667,0.000585,0.001461,0.002174,0.001342,0.000347,0.016581
161,AlNbTiV,2603,104.75,127.975,39,0.36,142.7,65,128.25,9.9475,3.3125,5.1425,4.25,2,4.3025,1.55,1.48325,1.9375,1.3675,5.28,0.206675,0.299117,0.210249,0.080985,0.034137,0.149556,0.038348,0.099389,0.037547,0.187187,0.195096,0.353553,0.00415,0.032258,0.063107,0.110358,0.071719,0.284122,0.027512,0.036666,0.02656,0.002894,0.000802,0.012781,0.000433,0.006685,0.000797,0.022683,0.020761,0,1.01E-05,2.01E-18,0.001665,0.005494,0.002226,0.047018
162,AlCr0.5NbTiV,3497,124.1111,131.5333,47.47778,0.343333,141.9556,64.66667,127.1111,9.645556,3.316667,5.141111,4.444444,1.888889,4.324444,1.555556,1.501778,1.944444,1.388889,5.148889,0.470882,0.284851,0.530652,0.158939,0.035592,0.142477,0.044417,0.131066,0.035533,0.176531,0.215058,0.390191,0.014871,0.031944,0.068344,0.104166,0.079559,0.283979,0.172834,0.035557,0.226677,0.016673,0.00058,0.011425,0.000591,0.006668,0.000673,0.020431,0.02125,0.076125,0.000183,0.000193,0.001383,0.005357,0.002478,0.048917
